,stock,W,L,Data_Type,Month_type,Min_vol,Win_Rate,Symbol,Options Vol,Imp Vol,WR_rank,TR_rank,Vol_rank,Total_score,EV
0,APH,44,15,pos_change,m1,2.4579894647141476,0.7457627118644068,0,0.0,0,0.019672131147540985,0.6327868852459017,0.33934426229508197,2.2967213114754097,7.210102429828167
1,EVRG,44,14,pos_change,m1,1.66609512946696,0.7586206896551724,0,0.0,0,0.040983606557377046,0.05573770491803279,0.33934426229508197,0.6295081967213114,5.23629897832473
2,HUM,45,12,pos_change,m1,3.0146431205949953,0.7894736842105263,0,0.0,0,0.12950819672131147,0.9049180327868852,0.33934426229508197,3.442622950819672,11.304911702231234
3,CMI,49,9,pos_change,m1,2.43202210190278,0.8448275862068966,0,0.0,0,0.3704918032786885,0.6131147540983607,0.33934426229508197,3.2901639344262295,13.241009221470692
4,MDT,49,11,pos_change,m1,1.9460242004561334,0.8166666666666667,MDT,3201.0,23.51%,0.22459016393442624,0.21639344262295082,0.740983606557377,2.0639344262295083,8.66865325657732
5,CMCSA,48,10,pos_change,m1,2.454840913735662,0.8275862068965517,CMCSA,5354.0,23.94%,0.2639344262295082,0.6295081967213115,0.8032786885245902,3.4836065573770494,11.783236385931177
6,^GSPC,50,9,pos_change,m1,1.2735293789879762,0.847457627118644,0,0.0,0,0.38688524590163936,0.003278688524590164,0.33934426229508197,1.5098360655737706,7.075163216599866
7,WEC,52,8,pos_change,m1,1.8382183674480659,0.8666666666666667,0,0.0,0,0.5754098360655737,0.14098360655737704,0.33934426229508197,2.4885245901639346,11.94841938841243
8,BAC,51,6,pos_change,m1,2.1256848997156994,0.8947368421052632,BAC,116936.0,26.16%,0.7311475409836066,0.3770491803278688,0.9934426229508196,4.318032786885246,18.068321647583446
9,AZO,47,12,pos_change,m1,2.44912281538989,0.7966101694915254,0,0.0,0,0.13442622950819672,0.6229508196721312,0.33934426229508197,2.611475409836066,9.592397693610401
10,EXPD,44,16,pos_change,m1,2.179829228441623,0.7333333333333333,0,0.0,0,0.009836065573770493,0.42950819672131146,0.33934426229508197,1.657377049180328,5.994530378214462
11,WY,46,9,pos_change,m1,2.2291005541867963,0.8363636363636363,WY,6021.0,28.66%,0.3622950819672131,0.46557377049180326,0.8098360655737705,3.29344262295082,11.393180610288065
12,HBAN,49,6,pos_change,m1,2.258059741063559,0.8909090909090909,0,0.0,0,0.7163934426229508,0.4885245901639344,0.33934426229508197,3.9540983606557374,18.440821218685723
13,HES,50,5,pos_change,m1,2.8470824565536317,0.9090909090909091,HES,3381.0,40.84%,0.8229508196721311,0.8557377049180328,0.7475409836065574,5.783606557377048,28.470824565536308
14,XRAY,51,9,pos_change,m1,2.62268168443951,0.85,0,0.0,0,0.4344262295081967,0.7311475409836066,0.33934426229508197,3.836065573770492,14.861862878490555
15,MNST,47,13,pos_change,m1,2.834019246792411,0.7833333333333333,0,0.0,0,0.11147540983606558,0.8426229508196721,0.33934426229508197,3.2016393442622944,10.246069584557178
16,JPM,47,13,pos_change,m1,2.4705951736725473,0.7833333333333333,JPM,64391.0,21.40%,0.11147540983606558,0.6557377049180327,0.9770491803278688,3.2786885245901636,8.93215178173921
17,UNH,46,14,pos_change,m1,2.670647418981766,0.7666666666666667,UNH,6042.0,20.21%,0.06885245901639345,0.7573770491803279,0.8131147540983606,3.291803278688525,8.774984376654377
18,WRB,53,6,pos_change,m1,1.908095599776885,0.8983050847457628,0,0.0,0,0.7557377049180328,0.1901639344262295,0.33934426229508197,3.1770491803278693,16.854844464695827
19,IP,53,6,pos_change,m1,2.648677019780832,0.8983050847457628,0,0.0,0,0.7557377049180328,0.7508196721311475,0.33934426229508197,4.859016393442623,23.396647008064026
20,HSY,55,5,pos_change,m1,1.7393864263299872,0.9166666666666666,0,0.0,0,0.8704918032786885,0.09508196721311475,0.33934426229508197,3.2360655737704915,19.13325068962985
21,MXIM,46,14,pos_change,m1,2.7963210320589296,0.7666666666666667,0,0.0,0,0.06885245901639345,0.819672131147541,0.33934426229508197,3.004918032786885,9.187911962479342
22,SLB,47,11,pos_change,m1,2.4679764515789504,0.8103448275862069,SLB,11161.0,41.13%,0.17868852459016393,0.6459016393442623,0.8721311475409836,3.3459016393442624,10.544990293110057
23,ALK,46,14,pos_change,m1,3.4562539833924224,0.7666666666666667,0,0.0,0,0.06885245901639345,0.9639344262295082,0.33934426229508197,3.4377049180327868,11.35626308828939
24,KSU,49,11,pos_change,m1,2.8421006995020135,0.8166666666666667,KSU,2098.0,27.62%,0.22459016393442624,0.8491803278688524,0.6819672131147541,3.90327868852459,12.66026675232715
25,COST,50,10,pos_change,m1,2.143616845728958,0.8333333333333334,COST,18118.0,20.60%,0.32295081967213113,0.40327868852459015,0.9049180327868852,3.083606557377049,10.718084228644793
26,CCL,50,9,pos_change,m1,2.2568982293734576,0.847457627118644,CCL,78612.0,50.62%,0.38688524590163936,0.4852459016393443,0.980327868852459,3.5967213114754104,12.538323496519206
27,MCK,52,8,pos_change,m1,2.1577196766134374,0.8666666666666667,0,0.0,0,0.5754098360655737,0.419672131147541,0.33934426229508197,3.3245901639344257,14.025177897987346
28,JNJ,53,4,pos_change,m1,1.5604066389843492,0.9298245614035088,JNJ,7984.0,15.28%,0.9016393442622951,0.022950819672131147,0.8327868852459016,3.6065573770491803,20.675387966542626
29,BDX,52,8,pos_change,m1,2.0260878813276717,0.8666666666666667,BDX,2259.0,20.32%,0.5754098360655737,0.29180327868852457,0.7049180327868853,3.30655737704918,13.169571228629868
30,CAH,56,4,pos_change,m1,2.219784537116115,0.9333333333333333,CAH,3870.0,29.29%,0.9278688524590164,0.45901639344262296,0.7704918032786885,4.9311475409836065,31.076983519625617
31,MAA,55,5,pos_change,m1,1.847280888633694,0.9166666666666666,0,0.0,0,0.8704918032786885,0.14754098360655737,0.33934426229508197,3.393442622950819,20.320089774970626
32,TYL,45,15,pos_change,m1,3.0265677492511314,0.75,0,0.0,0,0.029508196721311476,0.9147540983606557,0.33934426229508197,3.1721311475409832,9.079703247753393
33,GWW,53,7,pos_change,m1,2.3966082993545785,0.8833333333333333,0,0.0,0,0.6885245901639344,0.5901639344262295,0.33934426229508197,4.175409836065574,18.14574855225609
34,CAT,52,8,pos_change,m1,2.244456529064613,0.8666666666666667,CAT,25690.0,24.62%,0.5754098360655737,0.4786885245901639,0.9311475409836065,4.093442622950819,14.588967438919989
35,LUV,50,10,pos_change,m1,2.8643952471701772,0.8333333333333334,LUV,4883.0,30.79%,0.32295081967213113,0.8688524590163934,0.7901639344262295,4.365573770491803,14.32197623585089
36,MAS,47,13,pos_change,m1,2.7414138768283394,0.7833333333333333,0,0.0,0,0.11147540983606558,0.7901639344262295,0.33934426229508197,3.0442622950819667,9.911265554687073
37,PH,50,10,pos_change,m1,2.494179891944784,0.8333333333333334,0,0.0,0,0.32295081967213113,0.6688524590163935,0.33934426229508197,3.3147540983606554,12.470899459723926
38,AFL,49,9,pos_change,m1,2.0374912871489888,0.8448275862068966,0,0.0,0,0.3704918032786885,0.3016393442622951,0.33934426229508197,2.355737704918033,11.093008118922274
39,IEX,52,7,pos_change,m1,2.027678091125359,0.8813559322033898,0,0.0,0,0.6557377049180327,0.29508196721311475,0.33934426229508197,3.191803278688525,15.062751534074094
40,GLW,45,14,pos_change,m1,2.7163125482602286,0.7627118644067796,0,0.0,0,0.04590163934426229,0.780327868852459,0.33934426229508197,2.8180327868852455,8.731004619407877
41,MSI,52,8,pos_change,m1,2.3397171439008484,0.8666666666666667,0,0.0,0,0.5754098360655737,0.5442622950819672,0.33934426229508197,3.698360655737705,15.208161435355517
42,ECL,51,8,pos_change,m1,1.8232636270167102,0.864406779661017,0,0.0,0,0.519672131147541,0.1377049180327869,0.33934426229508197,2.3114754098360653,11.62330562223153
43,O,53,6,pos_change,m1,1.845063055987272,0.8983050847457628,0,0.0,0,0.7557377049180328,0.14426229508196722,0.33934426229508197,3.0393442622950824,16.298056994554244
44,HD,52,8,pos_change,m1,1.9823703054931803,0.8666666666666667,HD,25414.0,23.71%,0.5754098360655737,0.24918032786885247,0.9278688524590164,3.401639344262295,12.885406985705675
45,IFF,55,5,pos_change,m1,2.063594262767687,0.9166666666666666,0,0.0,0,0.8704918032786885,0.32786885245901637,0.33934426229508197,3.9344262295081966,22.699536890444545
46,LMT,50,8,pos_change,m1,1.9982322888253592,0.8620689655172413,0,0.0,0,0.4934426229508197,0.26229508196721313,0.33934426229508197,2.606557377049181,12.48895180515849
47,INCY,41,17,pos_change,m1,4.720499429642957,0.7068965517241379,0,0.0,0,0.003278688524590164,1.0,0.33934426229508197,3.3491803278688526,11.38473391855066
48,CPB,53,6,pos_change,m1,1.7208559279841529,0.8983050847457628,0,0.0,0,0.7557377049180328,0.07868852459016394,0.33934426229508197,2.8426229508196723,15.200894030526692
49,DTE,52,8,pos_change,m1,1.6637501583661132,0.8666666666666667,0,0.0,0,0.5754098360655737,0.05245901639344262,0.33934426229508197,2.222950819672131,10.814376029379737
50,HST,50,9,pos_change,m1,2.594222294254926,0.847457627118644,0,0.0,0,0.38688524590163936,0.7180327868852459,0.33934426229508197,3.6540983606557376,14.41234607919403
51,PVH,47,8,pos_change,m1,3.082160180304845,0.8545454545454545,0,0.0,0,0.4737704918032787,0.9278688524590164,0.33934426229508197,4.5442622950819676,18.107691059290957
52,ZBRA,52,8,pos_change,m1,3.0202597418092774,0.8666666666666667,0,0.0,0,0.5754098360655737,0.9114754098360656,0.33934426229508197,4.8,19.631688321760308
53,MRO,55,5,pos_change,m1,2.796963865758824,0.9166666666666666,MRO,21384.0,53.77%,0.8704918032786885,0.8229508196721311,0.9147540983606557,5.995081967213115,30.76660252334705
54,PCAR,50,10,pos_change,m1,2.785537768064838,0.8333333333333334,0,0.0,0,0.32295081967213113,0.8098360655737705,0.33934426229508197,3.7377049180327866,13.927688840324194
55,BIIB,42,13,pos_change,m1,2.935480725941253,0.7636363636363637,0,0.0,0,0.04918032786885246,0.8885245901639345,0.33934426229508197,3.1524590163934425,9.483860806887128
56,XEL,52,8,pos_change,m1,1.539774418025368,0.8666666666666667,0,0.0,0,0.5754098360655737,0.01639344262295082,0.33934426229508197,2.1147540983606556,10.008533717164896
57,HFC,51,7,pos_change,m1,2.9335971869838513,0.8793103448275862,0,0.0,0,0.639344262295082,0.8852459016393442,0.33934426229508197,4.913114754098361,21.373350933739484
58,ETR,51,9,pos_change,m1,1.820973818628945,0.85,0,0.0,0,0.4344262295081967,0.13442622950819672,0.33934426229508197,2.0459016393442626,10.318851638897353
59,TFC,55,4,pos_change,m1,1.9476875210553215,0.9322033898305084,0,0.0,0,0.9131147540983606,0.21967213114754097,0.33934426229508197,3.7377049180327866,26.780703414510654
60,MMC,50,10,pos_change,m1,2.0074251640994696,0.8333333333333334,0,0.0,0,0.32295081967213113,0.2721311475409836,0.33934426229508197,2.1245901639344265,10.03712582049735
61,ETN,56,4,pos_change,m1,2.2189457983368706,0.9333333333333333,0,0.0,0,0.9278688524590164,0.4557377049180328,0.33934426229508197,4.49016393442623,31.065241176716196
62,MMM,50,10,pos_change,m1,1.7665110391258636,0.8333333333333334,MMM,3080.0,17.58%,0.32295081967213113,0.10491803278688525,0.7344262295081967,2.0180327868852457,8.83255519562932
63,PENN,52,6,pos_change,m1,2.799058152012314,0.896551724137931,PENN,38175.0,61.14%,0.740983606557377,0.8295081967213115,0.9573770491803278,5.668852459016393,24.258503984106724
64,CVX,55,5,pos_change,m1,1.8788484039592184,0.9166666666666666,CVX,15480.0,25.87%,0.8704918032786885,0.1737704918032787,0.8918032786885246,4.024590163934427,20.66733244355139
65,GD,47,11,pos_change,m1,1.9914257630157735,0.8103448275862069,0,0.0,0,0.17868852459016393,0.25573770491803277,0.33934426229508197,1.6426229508196721,8.508819169249211
66,TGT,48,12,pos_change,m1,2.248569135459557,0.8,TGT,12273.0,29.95%,0.14918032786885246,0.4819672131147541,0.8885245901639345,2.781967213114754,8.99427654183823
67,GIS,55,5,pos_change,m1,1.5796573927600956,0.9166666666666666,0,0.0,0,0.8704918032786885,0.03278688524590164,0.33934426229508197,3.0491803278688527,17.376231320361043
68,CERN,44,16,pos_change,m1,2.6189435542925317,0.7333333333333333,0,0.0,0,0.009836065573770493,0.7278688524590164,0.33934426229508197,2.552459016393443,7.20209477430446
69,ROK,53,7,pos_change,m1,2.7979150106626793,0.8833333333333333,0,0.0,0,0.6885245901639344,0.8262295081967214,0.33934426229508197,4.88360655737705,21.184213652160278
70,LH,56,4,pos_change,m1,2.14046276114879,0.9333333333333333,0,0.0,0,0.9278688524590164,0.39672131147540984,0.33934426229508197,4.313114754098361,29.96647865608307
71,PSA,49,10,pos_change,m1,1.9503059149083983,0.8305084745762712,0,0.0,0,0.27704918032786885,0.2262295081967213,0.33934426229508197,1.8491803278688523,9.556498983051153
72,DE,50,10,pos_change,m1,2.7263044878387355,0.8333333333333334,DE,8373.0,30.77%,0.32295081967213113,0.7868852459016393,0.839344262295082,4.168852459016393,13.631522439193681
73,TMO,50,10,pos_change,m1,2.3686779152690414,0.8333333333333334,0,0.0,0,0.32295081967213113,0.580327868852459,0.33934426229508197,3.0491803278688527,11.84338957634521
74,STZ,52,8,pos_change,m1,2.468880913895657,0.8666666666666667,0,0.0,0,0.5754098360655737,0.6524590163934426,0.33934426229508197,4.022950819672131,16.047725940321772
75,ORLY,50,9,pos_change,m1,2.344616210088843,0.847457627118644,0,0.0,0,0.38688524590163936,0.5606557377049181,0.33934426229508197,3.1819672131147545,13.02564561160468
76,STT,53,7,pos_change,m1,2.4346613948173492,0.8833333333333333,0,0.0,0,0.6885245901639344,0.6163934426229508,0.33934426229508197,4.254098360655738,18.43386484647421
77,JKHY,46,14,pos_change,m1,2.554575941718582,0.7666666666666667,0,0.0,0,0.06885245901639345,0.6983606557377049,0.33934426229508197,2.640983606557377,8.393606665646772
78,ATO,52,7,pos_change,m1,1.9721326869116882,0.8813559322033898,0,0.0,0,0.6557377049180327,0.23934426229508196,0.33934426229508197,3.024590163934426,14.650128531343967
79,AMGN,44,13,pos_change,m1,2.1190105987931536,0.7719298245614035,0,0.0,0,0.08852459016393442,0.3737704918032787,0.33934426229508197,1.7262295081967214,7.172035872838364
80,TJX,52,8,pos_change,m1,2.468764729252816,0.8666666666666667,0,0.0,0,0.5754098360655737,0.6491803278688525,0.33934426229508197,4.0131147540983605,16.04697074014331
81,AOS,49,10,pos_change,m1,2.1354731722862965,0.8305084745762712,0,0.0,0,0.27704918032786885,0.3901639344262295,0.33934426229508197,2.3409836065573773,10.463818544202853
82,D,49,11,pos_change,m1,1.6605347053417572,0.8166666666666667,0,0.0,0,0.22459016393442624,0.04918032786885246,0.33934426229508197,1.160655737704918,7.396927323795099
83,BK,46,11,pos_change,m1,2.5774711333013713,0.8070175438596491,0,0.0,0,0.16885245901639345,0.7081967213114754,0.33934426229508197,2.970491803278688,10.778515648351187
84,ADBE,51,9,pos_change,m1,2.896010570758751,0.85,ADBE,12239.0,25.37%,0.4344262295081967,0.8786885245901639,0.8852459016393442,4.824590163934426,16.410726567632917
85,J,54,6,pos_change,m1,2.707986935754888,0.9,0,0.0,0,0.7934426229508197,0.7704918032786885,0.33934426229508197,5.031147540983607,24.371882421793998
86,CSCO,49,11,pos_change,m1,2.4652568259072645,0.8166666666666667,CSCO,59481.0,27.56%,0.22459016393442624,0.6426229508196721,0.9737704918032787,3.5754098360655737,10.981598588132359
87,BLL,53,7,pos_change,m1,2.2311081237742423,0.8833333333333333,0,0.0,0,0.6885245901639344,0.4721311475409836,0.33934426229508197,3.8213114754098365,16.892675794290685
88,ADM,46,9,pos_change,m1,2.0638609013454565,0.8363636363636363,ADM,2144.0,21.39%,0.3622950819672131,0.33114754098360655,0.6885245901639344,2.768852459016393,10.548622384654552
89,AME,50,10,pos_change,m1,2.460936408381727,0.8333333333333334,0,0.0,0,0.32295081967213113,0.639344262295082,0.33934426229508197,3.226229508196721,12.304682041908638
90,MKC,57,3,pos_change,m1,1.9060038497592187,0.95,0,0.0,0,0.9639344262295082,0.18360655737704917,0.33934426229508197,3.781967213114754,36.21407314542512
91,LLY,57,3,pos_change,m1,1.9718449454526183,0.95,LLY,2882.0,26.33%,0.9639344262295082,0.2360655737704918,0.7245901639344262,4.324590163934427,37.465053963599715
92,XOM,51,9,pos_change,m1,1.9373308876547726,0.85,XOM,54318.0,28.78%,0.4344262295081967,0.20655737704918034,0.9672131147540983,2.8901639344262295,10.978208363377043
93,TSN,52,8,pos_change,m1,2.488804893621111,0.8666666666666667,0,0.0,0,0.5754098360655737,0.6622950819672131,0.33934426229508197,4.052459016393443,16.177231808537226
94,RCL,55,3,pos_change,m1,2.6102004683155267,0.9482758620689655,RCL,8846.0,45.88%,0.9426229508196722,0.7245901639344262,0.8557377049180328,5.857377049180329,47.85367525245133
95,UNM,53,7,pos_change,m1,2.532751453450709,0.8833333333333333,0,0.0,0,0.6885245901639344,0.6885245901639344,0.33934426229508197,4.470491803278689,19.176546718983936
96,VNO,56,2,pos_change,m1,2.007884466291469,0.9655172413793104,0,0.0,0,0.980327868852459,0.2754098360655738,0.33934426229508197,4.10655737704918,56.220765056161206
97,AVY,51,8,pos_change,m1,2.2087094013096653,0.864406779661017,0,0.0,0,0.519672131147541,0.4459016393442623,0.33934426229508197,3.2360655737704915,14.080522433349119
98,HOLX,45,15,pos_change,m1,3.307257463882358,0.75,0,0.0,0,0.029508196721311476,0.9540983606557377,0.33934426229508197,3.2901639344262295,9.921772391647075
99,COF,48,10,pos_change,m1,2.5067089820947626,0.8275862068965517,0,0.0,0,0.2639344262295082,0.6786885245901639,0.33934426229508197,3.167213114754098,12.03220311405486
100,AIG,53,5,pos_change,m1,2.01242011954298,0.9137931034482759,0,0.0,0,0.8344262295081967,0.2786885245901639,0.33934426229508197,3.6786885245901635,21.331653267155602
101,MOS,57,3,pos_change,m1,2.646952819125846,0.95,MOS,9925.0,44.51%,0.9639344262295082,0.7475409836065574,0.8655737704918033,6.0,50.29210356339103
102,GPC,51,9,pos_change,m1,1.808318532282255,0.85,0,0.0,0,0.4344262295081967,0.12459016393442623,0.33934426229508197,2.0163934426229506,10.247138349599444
103,WDC,51,9,pos_change,m1,2.950071701275378,0.85,WDC,3927.0,39.92%,0.4344262295081967,0.8950819672131147,0.7737704918032787,4.762295081967213,16.717072973893806
104,AMAT,51,8,pos_change,m1,3.1876891629032795,0.864406779661017,AMAT,24851.0,41.52%,0.519672131147541,0.9344262295081968,0.9245901639344263,5.286885245901639,20.321518413508414
105,ODFL,51,8,pos_change,m1,3.327225467005449,0.864406779661017,0,0.0,0,0.519672131147541,0.9573770491803278,0.33934426229508197,4.770491803278689,21.211062352159743
106,SHW,49,11,pos_change,m1,2.3404270622153653,0.8166666666666667,0,0.0,0,0.22459016393442624,0.5508196721311476,0.33934426229508197,2.665573770491804,10.425538731686625
107,NOC,54,6,pos_change,m1,2.343353226061193,0.9,NOC,2061.0,19.58%,0.7934426229508197,0.5573770491803278,0.6786885245901639,4.731147540983606,21.09017903455074
108,GL,50,8,pos_change,m1,2.1093336290066786,0.8620689655172413,0,0.0,0,0.4934426229508197,0.35737704918032787,0.33934426229508197,2.891803278688525,13.183335181291735
109,DRE,52,8,pos_change,m1,2.0490284315170366,0.8666666666666667,0,0.0,0,0.5754098360655737,0.31475409836065577,0.33934426229508197,3.0098360655737704,13.318684804860741
110,NWL,54,6,pos_change,m1,2.448998739061901,0.9,0,0.0,0,0.7934426229508197,0.6196721311475409,0.33934426229508197,4.578688524590165,22.040988651557118
111,DHR,46,14,pos_change,m1,2.1720952791869794,0.7666666666666667,0,0.0,0,0.06885245901639345,0.4262295081967213,0.33934426229508197,1.8245901639344262,7.13688448875722
112,WMT,51,9,pos_change,m1,1.7381235277938214,0.85,WMT,23652.0,23.68%,0.4344262295081967,0.09180327868852459,0.921311475409836,2.5,9.84936665749832
113,VZ,43,12,pos_change,m1,1.6141238186611544,0.7818181818181819,VZ,18055.0,14.61%,0.09344262295081968,0.03934426229508197,0.9016393442622951,1.3,5.783943683535805
114,CINF,52,8,pos_change,m1,1.7568099786278035,0.8666666666666667,0,0.0,0,0.5754098360655737,0.09836065573770492,0.33934426229508197,2.360655737704918,11.419264861080727
115,XLNX,45,15,pos_change,m1,2.7581481976203475,0.75,0,0.0,0,0.029508196721311476,0.7934426229508197,0.33934426229508197,2.808196721311476,8.274444592861043
116,NUE,50,8,pos_change,m1,2.6317333930817846,0.8620689655172413,NUE,8511.0,36.08%,0.4934426229508197,0.740983606557377,0.8426229508196721,4.545901639344263,16.448333706761147
117,MTB,56,1,pos_change,m1,1.856780995950102,0.9824561403508771,0,0.0,0,0.9967213114754099,0.15737704918032788,0.33934426229508197,3.801639344262295,103.97973577320539
118,FMC,54,6,pos_change,m1,2.351489843569508,0.9,0,0.0,0,0.7934426229508197,0.5639344262295082,0.33934426229508197,4.411475409836066,21.163408592125577
119,WM,46,14,pos_change,m1,1.7371830370646952,0.7666666666666667,0,0.0,0,0.06885245901639345,0.08852459016393442,0.33934426229508197,0.8114754098360656,5.707887121784001
120,IPG,58,2,pos_change,m1,2.4896962761546826,0.9666666666666667,0,0.0,0,0.9918032786885246,0.6655737704918033,0.33934426229508197,5.311475409836065,72.20119200848582
121,KEY,55,5,pos_change,m1,2.2019137228518884,0.9166666666666666,0,0.0,0,0.8704918032786885,0.4426229508196721,0.33934426229508197,4.278688524590164,24.221050951370756
122,LUMN,53,2,pos_change,m1,2.128243762970378,0.9636363636363636,LUMN,18954.0,35.17%,0.9754098360655737,0.380327868852459,0.9081967213114754,4.975409836065574,56.39845971871499
123,LHX,48,8,pos_change,m1,2.0943942998620466,0.8571428571428571,0,0.0,0,0.4786885245901639,0.3442622950819672,0.33934426229508197,2.808196721311475,12.566365799172274
124,REG,50,7,pos_change,m1,1.8620030660757914,0.8771929824561403,0,0.0,0,0.6295081967213115,0.16065573770491803,0.33934426229508197,2.7098360655737705,13.30002190054136
125,ABT,50,10,pos_change,m1,1.93980192509424,0.8333333333333334,ABT,3276.0,19.88%,0.32295081967213113,0.2098360655737705,0.7442622950819672,2.342622950819672,9.699009625471202
126,CMA,55,4,pos_change,m1,2.3000526939125554,0.9322033898305084,0,0.0,0,0.9131147540983606,0.5114754098360655,0.33934426229508197,4.61311475409836,31.62572454129762
127,CMS,51,6,pos_change,m1,1.7599022213955131,0.8947368421052632,0,0.0,0,0.7311475409836066,0.10163934426229508,0.33934426229508197,2.837704918032787,14.959168881861862
128,HON,42,15,pos_change,m1,2.0705689819531266,0.7368421052631579,HON,2112.0,18.87%,0.01639344262295082,0.3344262295081967,0.6852459016393443,1.737704918032787,5.797593149468754
129,CLX,50,8,pos_change,m1,1.8488417953249177,0.8620689655172413,CLX,2260.0,20.79%,0.4934426229508197,0.15081967213114755,0.7081967213114754,2.640983606557377,11.55526122078073
130,CVS,49,11,pos_change,m1,2.189812492663382,0.8166666666666667,CVS,36422.0,20.10%,0.22459016393442624,0.43278688524590164,0.9508196721311475,2.922950819672131,9.75461928550052
131,MLM,51,7,pos_change,m1,2.634598840450048,0.8793103448275862,0,0.0,0,0.639344262295082,0.7442622950819672,0.33934426229508197,4.49016393442623,19.194934408993202
132,NI,52,6,pos_change,m1,1.8630354419619655,0.896551724137931,0,0.0,0,0.740983606557377,0.16393442622950818,0.33934426229508197,3.054098360655738,16.14630716367037
133,SPG,53,7,pos_change,m1,2.132400696934759,0.8833333333333333,SPG,2314.0,36.09%,0.6885245901639344,0.3836065573770492,0.7180327868852459,3.9344262295081966,16.145319562506028
134,SNPS,53,7,pos_change,m1,2.506972901098671,0.8833333333333333,0,0.0,0,0.6885245901639344,0.6819672131147541,0.33934426229508197,4.450819672131148,18.981366251175647
135,KR,52,8,pos_change,m1,2.296399658804633,0.8666666666666667,KR,26424.0,22.19%,0.5754098360655737,0.5049180327868853,0.9344262295081968,4.175409836065574,14.92659778223012
136,VMC,57,3,pos_change,m1,2.360272459831454,0.95,0,0.0,0,0.9639344262295082,0.5770491803278689,0.33934426229508197,4.962295081967214,44.84517673679758
137,STE,46,14,pos_change,m1,2.3759242254794897,0.7666666666666667,0,0.0,0,0.06885245901639345,0.5836065573770491,0.33934426229508197,2.2967213114754097,7.806608169432611
138,NSC,47,8,pos_change,m1,2.4605538403770177,0.8545454545454545,0,0.0,0,0.4737704918032787,0.6360655737704918,0.33934426229508197,3.668852459016393,14.455753812214974
139,BWA,52,4,pos_change,m1,2.4023569283178547,0.9285714285714286,0,0.0,0,0.898360655737705,0.5934426229508196,0.33934426229508197,4.814754098360656,31.23064006813213
140,AAPL,50,9,pos_change,m1,2.8228214124010163,0.847457627118644,AAPL,749776.0,24.74%,0.38688524590163936,0.8360655737704918,1.0,4.668852459016393,15.68234118000564
141,SIVB,54,4,pos_change,m1,2.8218255453914662,0.9310344827586207,0,0.0,0,0.9065573770491804,0.8327868852459016,0.33934426229508197,5.557377049180328,38.094644862784776
142,PEAK,47,13,pos_change,m1,1.8553510100908241,0.7833333333333333,0,0.0,0,0.11147540983606558,0.1540983606557377,0.33934426229508197,1.1360655737704919,6.707807498020672
143,ITW,53,7,pos_change,m1,2.1139282356956426,0.8833333333333333,0,0.0,0,0.6885245901639344,0.3639344262295082,0.33934426229508197,3.49672131147541,16.005456641695574
144,SPGI,46,14,pos_change,m1,2.2239906843666395,0.7666666666666667,0,0.0,0,0.06885245901639345,0.46229508196721314,0.33934426229508197,1.9327868852459018,7.3073979629189605
145,DUK,50,10,pos_change,m1,1.5480177834199929,0.8333333333333334,0,0.0,0,0.32295081967213113,0.019672131147540985,0.33934426229508197,1.3672131147540982,7.740088917099966
146,LEN,48,11,pos_change,m1,3.0036451304895153,0.8135593220338984,0,0.0,0,0.1918032786885246,0.9016393442622951,0.33934426229508197,3.6196721311475413,13.106815114863345
147,SO,54,6,pos_change,m1,1.5393191832051996,0.9,0,0.0,0,0.7934426229508197,0.013114754098360656,0.33934426229508197,2.7590163934426233,13.8538726488468
148,SJM,55,5,pos_change,m1,1.5232936874281569,0.9166666666666666,0,0.0,0,0.8704918032786885,0.009836065573770493,0.33934426229508197,2.9803278688524593,16.756230561709717
149,ROST,51,9,pos_change,m1,2.85123365687611,0.85,0,0.0,0,0.4344262295081967,0.8590163934426229,0.33934426229508197,4.219672131147541,16.156990722297955
150,BBY,49,11,pos_change,m1,3.254100354613038,0.8166666666666667,BBY,4294.0,37.19%,0.22459016393442624,0.940983606557377,0.7836065573770492,4.280327868852459,14.495537943276258
151,FAST,52,8,pos_change,m1,2.5940118490187802,0.8666666666666667,0,0.0,0,0.5754098360655737,0.7147540983606557,0.33934426229508197,4.2098360655737705,16.861077018622076
152,APA,55,5,pos_change,m1,2.770935030095988,0.9166666666666666,APA,11294.0,61.72%,0.8704918032786885,0.7967213114754098,0.8754098360655738,5.877049180327869,30.480285331055853
153,AXP,48,7,pos_change,m1,2.0571610283306256,0.8727272727272727,AXP,6338.0,23.85%,0.6229508196721312,0.32131147540983607,0.819672131147541,3.652459016393443,14.106247051409998
154,OXY,47,10,pos_change,m1,2.312780019655311,0.8245614035087719,OXY,17186.0,57.58%,0.2573770491803279,0.5245901639344263,0.8950819672131147,3.240983606557377,10.870066092379963
155,MU,52,5,pos_change,m1,4.3465500934516665,0.9122807017543859,MU,26937.0,37.45%,0.8278688524590164,0.9967213114754099,0.9377049180327869,6.411475409836066,45.204120971897304
156,BAX,47,13,pos_change,m1,2.1176381207032002,0.7833333333333333,0,0.0,0,0.11147540983606558,0.3704918032786885,0.33934426229508197,1.7852459016393443,7.656076282542339
157,GPS,54,5,pos_change,m1,2.7803971375408176,0.9152542372881356,GPS,4542.0,55.55%,0.840983606557377,0.8032786885245902,0.7868852459016393,5.719672131147541,30.02828908544083
158,EMR,55,3,pos_change,m1,2.2311009240117707,0.9482758620689655,0,0.0,0,0.9426229508196722,0.46885245901639344,0.33934426229508197,4.5737704918032795,40.9035169402158
159,ED,54,6,pos_change,m1,1.5741205593629881,0.9,0,0.0,0,0.7934426229508197,0.029508196721311476,0.33934426229508197,2.808196721311476,14.167085034266897
160,JCI,56,4,pos_change,m1,2.1381430731623845,0.9333333333333333,0,0.0,0,0.9278688524590164,0.39344262295081966,0.33934426229508197,4.30327868852459,29.934003024273387
161,LB,50,10,pos_change,m1,2.857637581422235,0.8333333333333334,0,0.0,0,0.32295081967213113,0.8655737704918033,0.33934426229508197,3.9049180327868855,14.288187907111176
162,LIN,50,8,pos_change,m1,1.9937460273036138,0.8620689655172413,0,0.0,0,0.4934426229508197,0.25901639344262295,0.33934426229508197,2.5967213114754095,12.46091267064758
163,EMN,57,2,pos_change,m1,2.298532161411806,0.9661016949152542,0,0.0,0,0.9852459016393442,0.5081967213114754,0.33934426229508197,4.8196721311475414,65.50816660023644
164,TRMB,48,11,pos_change,m1,2.783982952063885,0.8135593220338984,0,0.0,0,0.1918032786885246,0.8065573770491803,0.33934426229508197,3.334426229508197,12.148289245369684
165,RJF,49,11,pos_change,m1,2.772591843915664,0.8166666666666667,0,0.0,0,0.22459016393442624,0.8,0.33934426229508197,3.413114754098361,12.350636395624319
166,SWK,50,10,pos_change,m1,2.4799797593942206,0.8333333333333334,0,0.0,0,0.32295081967213113,0.659016393442623,0.33934426229508197,3.2852459016393443,12.399898796971106
167,WHR,50,10,pos_change,m1,2.428505304455499,0.8333333333333334,0,0.0,0,0.32295081967213113,0.6098360655737705,0.33934426229508197,3.137704918032787,12.142526522277498
168,ALL,50,10,pos_change,m1,2.060561368815675,0.8333333333333334,ALL,3130.0,18.40%,0.32295081967213113,0.32459016393442625,0.7377049180327869,2.680327868852459,10.302806844078379
169,ALB,54,6,pos_change,m1,2.889501609121322,0.9,ALB,3519.0,42.09%,0.7934426229508197,0.8754098360655738,0.7540983606557377,5.7606557377049175,26.0055144820919
170,CPRT,48,7,pos_change,m1,2.626241658776977,0.8727272727272727,0,0.0,0,0.6229508196721312,0.7377049180327869,0.33934426229508197,4.421311475409836,18.00851423161355
171,BMY,54,6,pos_change,m1,1.95018511113023,0.9,BMY,7794.0,17.90%,0.7934426229508197,0.22295081967213115,0.8295081967213115,3.878688524590164,17.551666000172073
172,FITB,55,5,pos_change,m1,2.1985498471130436,0.9166666666666666,0,0.0,0,0.8704918032786885,0.4360655737704918,0.33934426229508197,4.259016393442623,24.184048318243466
173,CL,46,10,pos_change,m1,1.7170423800773822,0.8214285714285714,CL,2427.0,16.42%,0.25245901639344265,0.07540983606557378,0.7213114754098361,1.7049180327868854,7.898394948355956
174,ATVI,49,11,pos_change,m1,3.609120348341179,0.8166666666666667,ATVI,22489.0,25.53%,0.22459016393442624,0.9737704918032787,0.9180327868852459,4.5131147540983605,16.076990642610703
175,CB,51,9,pos_change,m1,1.9798234178703016,0.85,0,0.0,0,0.4344262295081967,0.2459016393442623,0.33934426229508197,2.3803278688524587,11.218999367931707
176,SNA,53,7,pos_change,m1,2.143051079011319,0.8833333333333333,0,0.0,0,0.6885245901639344,0.4,0.33934426229508197,3.6049180327868857,16.225958169657126
177,MRK,50,10,pos_change,m1,1.8745579887448522,0.8333333333333334,MRK,11671.0,18.80%,0.32295081967213113,0.16721311475409836,0.8819672131147541,2.3524590163934427,9.372789943724264
178,HPQ,48,7,pos_change,m1,3.285436394466528,0.8727272727272727,0,0.0,0,0.6229508196721312,0.9442622950819672,0.33934426229508197,5.040983606557377,22.52870670491333
179,PNC,53,7,pos_change,m1,2.0238327098383055,0.8833333333333333,0,0.0,0,0.6885245901639344,0.28852459016393445,0.33934426229508197,3.2704918032786887,15.32330480306145
180,LNC,55,5,pos_change,m1,2.711203626571729,0.9166666666666666,0,0.0,0,0.8704918032786885,0.7770491803278688,0.33934426229508197,5.281967213114754,29.823239892289003
181,KO,51,9,pos_change,m1,1.5731682854691795,0.85,KO,11653.0,14.46%,0.4344262295081967,0.02622950819672131,0.8786885245901639,2.260655737704918,8.914620284325348
182,TXN,48,12,pos_change,m1,2.555814782008534,0.8,TXN,7218.0,25.08%,0.14918032786885246,0.7016393442622951,0.8229508196721311,3.375409836065574,10.223259128034138
183,F,55,5,pos_change,m1,2.3773901278833685,0.9166666666666666,F,82656.0,38.66%,0.8704918032786885,0.5868852459016394,0.9836065573770492,5.355737704918033,26.15129140671704
184,MCO,51,8,pos_change,m1,2.5009717889454564,0.864406779661017,0,0.0,0,0.519672131147541,0.6754098360655738,0.33934426229508197,3.9245901639344263,15.943695154527287
185,SBUX,49,11,pos_change,m1,2.3417876885517157,0.8166666666666667,SBUX,7506.0,20.71%,0.22459016393442624,0.5540983606557377,0.8262295081967214,3.1622950819672133,10.431599703548551
186,TRV,48,11,pos_change,m1,1.7984592771264847,0.8135593220338984,0,0.0,0,0.1918032786885246,0.1180327868852459,0.33934426229508197,1.2688524590163934,7.847822300188299
187,SWKS,46,14,pos_change,m1,4.121994194678351,0.7666666666666667,SWKS,5821.0,31.58%,0.06885245901639345,0.9934426229508196,0.8065573770491803,3.9934426229508198,13.543695211086014
188,RF,56,3,pos_change,m1,2.3200784882400454,0.9491525423728814,0,0.0,0,0.9508196721311475,0.5344262295081967,0.33934426229508197,4.795081967213115,43.30813178048086
189,AMD,54,6,pos_change,m1,4.056674470910135,0.9,AMD,182844.0,35.35%,0.7934426229508197,0.9868852459016394,0.9967213114754099,6.337704918032787,36.510070238191226
190,IT,44,14,pos_change,m1,2.5129780057526947,0.7586206896551724,0,0.0,0,0.040983606557377046,0.6852459016393443,0.33934426229508197,2.5180327868852457,7.897930875222753
191,OMC,54,6,pos_change,m1,2.0502734854591202,0.9,0,0.0,0,0.7934426229508197,0.3180327868852459,0.33934426229508197,3.673770491803279,18.452461369132088
192,TSCO,43,12,pos_change,m1,2.719436858680814,0.7818181818181819,0,0.0,0,0.09344262295081968,0.7836065573770492,0.33934426229508197,2.970491803278689,9.744648743606254
193,UNP,49,6,pos_change,m1,2.3337123116302143,0.8909090909090909,UNP,2217.0,20.50%,0.7163934426229508,0.5377049180327869,0.7016393442622951,4.463934426229508,19.05865054498008
194,ADP,52,8,pos_change,m1,1.8761637244290092,0.8666666666666667,0,0.0,0,0.5754098360655737,0.17049180327868851,0.33934426229508197,2.577049180327869,12.195064208788564
195,VFC,50,10,pos_change,m1,2.351678536051028,0.8333333333333334,VFC,3622.0,31.15%,0.32295081967213113,0.5672131147540984,0.7573770491803279,3.4278688524590164,11.758392680255144
196,K,51,9,pos_change,m1,1.669406108519528,0.85,K,17379.0,20.82%,0.4344262295081967,0.06229508196721312,0.898360655737705,2.3885245901639345,9.459967948277322
197,CSX,53,7,pos_change,m1,2.708945028615487,0.8833333333333333,0,0.0,0,0.6885245901639344,0.7737704918032787,0.33934426229508197,4.726229508196722,20.51058378808868
198,PNR,50,8,pos_change,m1,2.2362695996620188,0.8620689655172413,0,0.0,0,0.4934426229508197,0.47540983606557374,0.33934426229508197,3.245901639344263,13.976684997887611
199,AON,57,3,pos_change,m1,2.2165830626863046,0.95,0,0.0,0,0.9639344262295082,0.4524590163934426,0.33934426229508197,4.588524590163935,42.11507819103975
200,TROW,52,7,pos_change,m1,2.41031055687549,0.8813559322033898,0,0.0,0,0.6557377049180327,0.5967213114754099,0.33934426229508197,4.0967213114754095,17.905164136789352
201,EQR,50,6,pos_change,m1,1.985039186198173,0.8928571428571429,0,0.0,0,0.7229508196721312,0.25245901639344265,0.33934426229508197,3.2655737704918035,16.54199321831812
202,CHD,52,8,pos_change,m1,2.0002405936633627,0.8666666666666667,0,0.0,0,0.5754098360655737,0.26557377049180325,0.33934426229508197,2.862295081967213,13.001563858811862
203,LOW,50,10,pos_change,m1,2.4167632790952145,0.8333333333333334,LOW,10571.0,29.62%,0.32295081967213113,0.6032786885245902,0.8688524590163934,3.6475409836065573,12.083816395476076
204,PBCT,54,6,pos_change,m1,1.9454705552398306,0.9,0,0.0,0,0.7934426229508197,0.21311475409836064,0.33934426229508197,3.359016393442623,17.50923499715848
205,OKE,55,5,pos_change,m1,2.213619910492038,0.9166666666666666,0,0.0,0,0.8704918032786885,0.4491803278688525,0.33934426229508197,4.298360655737705,24.349819015412407
206,^IXIC,54,6,pos_change,m1,1.6689919675901947,0.9,0,0.0,0,0.7934426229508197,0.05901639344262295,0.33934426229508197,2.8967213114754102,15.020927708311756
207,NEE,52,5,pos_change,m1,1.8166256044519478,0.9122807017543859,NEE,6243.0,21.65%,0.8278688524590164,0.12786885245901639,0.8163934426229508,3.6836065573770496,18.892906286300246
208,PPG,51,9,pos_change,m1,1.9514152572535166,0.85,0,0.0,0,0.4344262295081967,0.22950819672131148,0.33934426229508197,2.331147540983607,11.05801979110326
209,TFX,54,5,pos_change,m1,2.3093766488509773,0.9152542372881356,0,0.0,0,0.840983606557377,0.5147540983606558,0.33934426229508197,4.406557377049181,24.941267807590556
210,BKR,49,10,pos_change,m1,3.070830370317924,0.8305084745762712,BKR,2957.0,41.13%,0.27704918032786885,0.9245901639344263,0.7278688524590164,4.332786885245902,15.047068814557827
211,JBHT,45,11,pos_change,m1,2.8244870860048685,0.8035714285714286,0,0.0,0,0.16393442622950818,0.839344262295082,0.33934426229508197,3.3491803278688526,11.554719897292648
212,ABMD,46,11,pos_change,m1,4.053884092034725,0.8070175438596491,0,0.0,0,0.16885245901639345,0.9836065573770492,0.33934426229508197,3.7967213114754097,16.952606203054298
213,AJG,54,4,pos_change,m1,1.8864541452560806,0.9310344827586207,0,0.0,0,0.9065573770491804,0.17704918032786884,0.33934426229508197,3.5901639344262293,25.46713096095708
214,EOG,55,5,pos_change,m1,3.156844210280083,0.9166666666666666,0,0.0,0,0.8704918032786885,0.9311475409836065,0.33934426229508197,5.744262295081967,34.72528631308089
215,PKI,46,14,pos_change,m1,2.49670660392846,0.7666666666666667,0,0.0,0,0.06885245901639345,0.6721311475409836,0.33934426229508197,2.5622950819672132,8.203464555764944
216,INTC,47,13,pos_change,m1,2.454123468118108,0.7833333333333333,INTC,51395.0,25.19%,0.11147540983606558,0.6262295081967213,0.9639344262295082,3.177049180327869,8.872600230888544
217,CNP,48,12,pos_change,m1,2.0953546026866525,0.8,0,0.0,0,0.14918032786885246,0.3475409836065574,0.33934426229508197,1.8295081967213114,8.381418410746612
218,ROP,53,5,pos_change,m1,2.0424238275724087,0.9137931034482759,0,0.0,0,0.8344262295081967,0.3081967213114754,0.33934426229508197,3.7672131147540986,21.649692572267544
219,ROL,54,6,pos_change,m1,2.354325623477957,0.9,0,0.0,0,0.7934426229508197,0.5704918032786885,0.33934426229508197,4.431147540983607,21.18893061130162
220,IBM,49,10,pos_change,m1,1.651409808100797,0.8305084745762712,IBM,38068.0,18.52%,0.27704918032786885,0.04262295081967213,0.9540983606557377,1.9131147540983606,8.091908059693907
221,NTRS,53,7,pos_change,m1,2.1622032720670865,0.8833333333333333,0,0.0,0,0.6885245901639344,0.42295081967213116,0.33934426229508197,3.673770491803279,16.37096763136508
222,MGM,50,8,pos_change,m1,2.8383743895303417,0.8620689655172413,MGM,8606.0,41.10%,0.4934426229508197,0.8459016393442623,0.8459016393442623,4.863934426229508,17.73983993456463
223,COG,51,9,pos_change,m1,3.065023828499436,0.85,0,0.0,0,0.4344262295081967,0.921311475409836,0.33934426229508197,4.406557377049181,17.368468361496802
224,CDNS,45,15,pos_change,m1,2.877545743812846,0.75,0,0.0,0,0.029508196721311476,0.8721311475409836,0.33934426229508197,3.0442622950819676,8.632637231438538
225,DXC,51,9,pos_change,m1,2.4168130675935147,0.85,0,0.0,0,0.4344262295081967,0.6065573770491803,0.33934426229508197,3.4622950819672136,13.695274049696582
226,CTAS,45,12,pos_change,m1,2.268240534599201,0.7894736842105263,0,0.0,0,0.12950819672131147,0.4918032786885246,0.33934426229508197,2.2032786885245903,8.505902004747004
227,DVN,56,3,pos_change,m1,2.3127506186194706,0.9491525423728814,DVN,8198.0,47.83%,0.9508196721311475,0.521311475409836,0.8360655737704918,5.252459016393443,43.17134488089681
228,MHK,48,12,pos_change,m1,2.340295215497324,0.8,0,0.0,0,0.14918032786885246,0.5475409836065573,0.33934426229508197,2.4295081967213115,9.3611808619893
229,CI,51,9,pos_change,m1,2.9958913081550134,0.85,0,0.0,0,0.4344262295081967,0.898360655737705,0.33934426229508197,4.337704918032787,16.976717412878408
230,C,50,9,pos_change,m1,2.3389690962768115,0.847457627118644,C,40067.0,26.82%,0.38688524590163936,0.5409836065573771,0.9606557377049181,3.7442622950819673,12.994272757093393
231,PGR,49,9,pos_change,m1,1.9097848739851497,0.8448275862068966,0,0.0,0,0.3704918032786885,0.19344262295081968,0.33934426229508197,2.031147540983606,10.397717647252485
232,LNT,51,9,pos_change,m1,1.9371947517248131,0.85,0,0.0,0,0.4344262295081967,0.20327868852459016,0.33934426229508197,2.2524590163934426,10.977436926440605
233,RHI,47,11,pos_change,m1,2.68289498027049,0.8103448275862069,0,0.0,0,0.17868852459016393,0.760655737704918,0.33934426229508197,3.1573770491803277,11.463278552064818
234,DOV,52,8,pos_change,m1,2.154450050310084,0.8666666666666667,0,0.0,0,0.5754098360655737,0.4163934426229508,0.33934426229508197,3.3147540983606554,14.00392532701555
235,ADSK,48,11,pos_change,m1,3.3045385485231424,0.8135593220338984,ADSK,3005.0,38.59%,0.1918032786885246,0.9508196721311475,0.7311475409836066,4.159016393442623,14.419804575373718
236,GILD,44,16,pos_change,m1,2.854185899622939,0.7333333333333333,GILD,3645.0,26.08%,0.009836065573770493,0.8622950819672132,0.760655737704918,3.377049180327869,7.849011223963081
237,HAS,52,8,pos_change,m1,2.3561937372634643,0.8666666666666667,0,0.0,0,0.5754098360655737,0.5737704918032787,0.33934426229508197,3.7868852459016393,15.315259292212524
238,HRL,49,11,pos_change,m1,2.1082022063657857,0.8166666666666667,0,0.0,0,0.22459016393442624,0.3540983606557377,0.33934426229508197,2.0754098360655737,9.391082555629408
239,AES,50,9,pos_change,m1,2.6545090286316286,0.847457627118644,0,0.0,0,0.38688524590163936,0.7540983606557377,0.33934426229508197,3.7622950819672134,14.74727238128682
240,AVB,52,7,pos_change,m1,1.6555346048259425,0.8813559322033898,0,0.0,0,0.6557377049180327,0.04590163934426229,0.33934426229508197,2.444262295081967,12.298257064421286
241,DD,51,9,pos_change,m1,2.284104394504481,0.85,DD,2311.0,23.53%,0.4344262295081967,0.49836065573770494,0.7147540983606557,3.5131147540983605,12.943258235525391
242,COO,49,11,pos_change,m1,2.547705644373173,0.8166666666666667,0,0.0,0,0.22459016393442624,0.6950819672131148,0.33934426229508197,3.0983606557377046,11.348870597662314
243,RTX,49,11,pos_change,m1,1.9302626556944298,0.8166666666666667,RTX,4289.0,21.52%,0.22459016393442624,0.2,0.780327868852459,2.054098360655738,8.59844273900246
244,FISV,47,13,pos_change,m1,2.0192253481141265,0.7833333333333333,FISV,3719.0,21.62%,0.11147540983606558,0.28524590163934427,0.7639344262295082,1.9540983606557378,7.300276258566457
245,ES,51,7,pos_change,m1,1.8981585845236368,0.8793103448275862,0,0.0,0,0.639344262295082,0.18032786885245902,0.33934426229508197,2.7983606557377048,13.829441115815067
246,KMB,51,9,pos_change,m1,1.6710675025149409,0.85,KMB,2271.0,18.29%,0.4344262295081967,0.06557377049180328,0.7114754098360656,2.2114754098360656,9.46938251425133
247,WMB,51,8,pos_change,m1,2.624076344764893,0.864406779661017,0,0.0,0,0.519672131147541,0.7344262295081967,0.33934426229508197,4.101639344262296,16.7284866978762
248,IDXX,50,6,pos_change,m1,2.3194083631816467,0.8928571428571429,0,0.0,0,0.7229508196721312,0.5311475409836065,0.33934426229508197,4.101639344262295,19.32840302651373
249,VTRS,53,2,pos_change,m1,2.5727619980002285,0.9636363636363636,VTRS,5111.0,48.61%,0.9754098360655737,0.7049180327868853,0.8,5.840983606557377,68.17819294700604
250,EA,44,11,pos_change,m1,3.6222515416277066,0.8,EA,4261.0,30.41%,0.14918032786885246,0.9770491803278688,0.7770491803278688,4.155737704918033,14.48900616651083
251,APD,50,8,pos_change,m1,2.102431404197605,0.8620689655172413,0,0.0,0,0.4934426229508197,0.35081967213114756,0.33934426229508197,2.8721311475409834,13.140196276235026
252,TT,50,10,pos_change,m1,2.6076887877762727,0.8333333333333334,0,0.0,0,0.32295081967213113,0.7213114754098361,0.33934426229508197,3.472131147540984,13.038443938881366
253,GE,53,6,pos_change,m1,1.7923445791532842,0.8983050847457628,GE,28252.0,31.27%,0.7557377049180328,0.11475409836065574,0.9442622950819672,3.555737704918033,15.832377115854017
254,DHI,50,10,pos_change,m1,3.472193779907491,0.8333333333333334,0,0.0,0,0.32295081967213113,0.9672131147540983,0.33934426229508197,4.2098360655737705,17.36096889953746
255,SYK,56,4,pos_change,m1,2.1336624399478903,0.9333333333333333,0,0.0,0,0.9278688524590164,0.38688524590163936,0.33934426229508197,4.283606557377049,29.87127415927047
256,SYY,52,8,pos_change,m1,1.7231911661334158,0.8666666666666667,0,0.0,0,0.5754098360655737,0.08524590163934426,0.33934426229508197,2.3213114754098356,11.200742579867207
257,LRCX,48,12,pos_change,m1,3.7337318992687223,0.8,0,0.0,0,0.14918032786885246,0.980327868852459,0.33934426229508197,3.7278688524590162,14.934927597074893
258,USB,53,6,pos_change,m1,2.0861654129936777,0.8983050847457628,USB,2169.0,23.78%,0.7557377049180328,0.34098360655737703,0.6950819672131148,3.9852459016393444,18.427794481444163
259,NEM,52,6,pos_change,m1,2.7882436645760333,0.896551724137931,NEM,20728.0,29.58%,0.740983606557377,0.8163934426229508,0.9114754098360656,5.583606557377049,24.164778426325626
260,NVR,54,6,pos_change,m1,2.537706571581452,0.9,0,0.0,0,0.7934426229508197,0.6918032786885245,0.33934426229508197,4.795081967213115,22.839359144233075
261,KLAC,49,11,pos_change,m1,3.043035291772183,0.8166666666666667,0,0.0,0,0.22459016393442624,0.9180327868852459,0.33934426229508197,3.7672131147540986,13.555339026985177
262,TER,49,10,pos_change,m1,3.302878292517901,0.8305084745762712,0,0.0,0,0.27704918032786885,0.9475409836065574,0.33934426229508197,4.0131147540983605,16.184103633337717
263,ZION,57,2,pos_change,m1,2.1527876874120486,0.9661016949152542,0,0.0,0,0.9852459016393442,0.4131147540983607,0.33934426229508197,4.534426229508197,61.35444909124335
264,MCHP,51,7,pos_change,m1,2.9181096553970396,0.8793103448275862,0,0.0,0,0.639344262295082,0.8819672131147541,0.33934426229508197,4.9032786885245905,21.260513203606997
265,REGN,47,13,pos_change,m1,4.05671582757602,0.7833333333333333,REGN,2168.0,31.28%,0.11147540983606558,0.9901639344262295,0.6918032786885245,3.9967213114754094,14.666587992005608
266,BIO,58,2,pos_change,m1,2.1494011447389854,0.9666666666666667,0,0.0,0,0.9918032786885246,0.4098360655737705,0.33934426229508197,4.5442622950819676,62.33263319743059
267,BSX,52,8,pos_change,m1,2.788122196471993,0.8666666666666667,BSX,3471.0,23.92%,0.5754098360655737,0.8131147540983606,0.7508196721311475,4.916393442622951,18.122794277067957
268,MS,47,11,pos_change,m1,3.0171054229152263,0.8103448275862069,MS,26956.0,25.13%,0.17868852459016393,0.9081967213114754,0.940983606557377,4.201639344262295,12.891268625183235
269,COP,59,1,pos_change,m1,2.1991666834224355,0.9833333333333333,COP,8735.0,36.67%,1.0,0.43934426229508194,0.8524590163934426,5.170491803278688,129.7508343219233
270,PRGO,52,7,pos_change,m1,2.8468481138897093,0.8813559322033898,0,0.0,0,0.6557377049180327,0.8524590163934426,0.33934426229508197,4.863934426229508,21.148014560323553
271,MO,53,7,pos_change,m1,1.9735853916043018,0.8833333333333333,MO,9010.0,20.94%,0.6885245901639344,0.24262295081967214,0.8590163934426229,3.6524590163934425,14.942860822146853
272,PPL,52,8,pos_change,m1,1.7220073157504885,0.8666666666666667,0,0.0,0,0.5754098360655737,0.08196721311475409,0.33934426229508197,2.3114754098360653,11.193047552378177
273,DIS,48,12,pos_change,m1,2.017302754556704,0.8,DIS,56608.0,29.70%,0.14918032786885246,0.2819672131147541,0.9704918032786886,2.263934426229508,8.069211018226818
274,UHS,51,8,pos_change,m1,2.5795215180275344,0.864406779661017,0,0.0,0,0.519672131147541,0.7114754098360656,0.33934426229508197,4.032786885245902,16.444449677425535
275,WFC,51,7,pos_change,m1,2.032702869006068,0.8793103448275862,WFC,83079.0,29.13%,0.639344262295082,0.2983606557377049,0.9868852459016394,3.8000000000000003,14.809692331329922
276,EFX,49,11,pos_change,m1,2.112062326460564,0.8166666666666667,0,0.0,0,0.22459016393442624,0.36065573770491804,0.33934426229508197,2.095081967213115,9.408277636051602
277,NLOK,51,8,pos_change,m1,2.9398842658696935,0.864406779661017,0,0.0,0,0.519672131147541,0.8918032786885246,0.33934426229508197,4.573770491803279,18.7417621949193
278,PAYX,47,10,pos_change,m1,2.147285072534815,0.8245614035087719,0,0.0,0,0.2573770491803279,0.4065573770491803,0.33934426229508197,2.331147540983607,10.092239840913631
279,TXT,46,14,pos_change,m1,2.706503522690218,0.7666666666666667,0,0.0,0,0.06885245901639345,0.7672131147540984,0.33934426229508197,2.8475409836065575,8.89279728883929
280,PNW,49,11,pos_change,m1,1.6870295719190866,0.8166666666666667,0,0.0,0,0.22459016393442624,0.07213114754098361,0.33934426229508197,1.2295081967213115,7.514949911275931
281,BA,54,6,pos_change,m1,2.3121413239558133,0.9,BA,87344.0,32.59%,0.7934426229508197,0.5180327868852459,0.9901639344262295,4.924590163934426,20.809271915602327
282,CAG,54,6,pos_change,m1,1.8051256768812667,0.9,0,0.0,0,0.7934426229508197,0.12131147540983607,0.33934426229508197,3.083606557377049,16.246131091931403
283,EXC,51,9,pos_change,m1,1.9167895377801003,0.85,0,0.0,0,0.4344262295081967,0.19672131147540983,0.33934426229508197,2.2327868852459014,10.8618073807539
284,VLO,52,8,pos_change,m1,3.435866777679423,0.8666666666666667,VLO,4945.0,36.28%,0.5754098360655737,0.9606557377049181,0.7934426229508197,5.401639344262295,22.333134054916254
285,PG,53,7,pos_change,m1,1.461828675435695,0.8833333333333333,PG,3792.0,15.38%,0.6885245901639344,0.006557377049180328,0.7672131147540984,2.8524590163934427,11.068131399727402
286,WBA,47,13,pos_change,m1,2.2884135339301066,0.7833333333333333,WBA,8655.0,25.77%,0.11147540983606558,0.5016393442622951,0.8491803278688524,2.6885245901639343,8.273495084208847
287,UDR,51,6,pos_change,m1,2.081017531735038,0.8947368421052632,0,0.0,0,0.7311475409836066,0.3377049180327869,0.33934426229508197,3.5459016393442626,17.68864901974782
288,SEE,50,10,pos_change,m1,2.3156833341293175,0.8333333333333334,0,0.0,0,0.32295081967213113,0.5278688524590164,0.33934426229508197,2.891803278688524,11.578416670646591
289,FRT,51,9,pos_change,m1,2.115143357347544,0.85,0,0.0,0,0.4344262295081967,0.36721311475409835,0.33934426229508197,2.7442622950819677,11.985812358302748
290,WST,54,6,pos_change,m1,2.0434134198622846,0.9,0,0.0,0,0.7934426229508197,0.3114754098360656,0.33934426229508197,3.6540983606557376,18.390720778760567
291,HAL,52,8,pos_change,m1,3.2318917923594173,0.8666666666666667,HAL,29573.0,45.63%,0.5754098360655737,0.9377049180327869,0.9475409836065574,5.486885245901639,21.00729665033622
292,KIM,56,3,pos_change,m1,1.819758714761941,0.9491525423728814,0,0.0,0,0.9508196721311475,0.13114754098360656,0.33934426229508197,3.585245901639344,33.96882934222292
293,ESS,53,7,pos_change,m1,1.9717378777538357,0.8833333333333333,0,0.0,0,0.6885245901639344,0.23278688524590163,0.33934426229508197,3.1032786885245907,14.928872502993324
294,WELL,56,4,pos_change,m1,1.7821881100560522,0.9333333333333333,0,0.0,0,0.9278688524590164,0.11147540983606558,0.33934426229508197,3.4573770491803275,24.950633540784736
295,MCD,56,4,pos_change,m1,1.775764243906514,0.9333333333333333,MCD,2210.0,16.77%,0.9278688524590164,0.10819672131147541,0.6983606557377049,3.80655737704918,24.8606994146912
296,NKE,55,5,pos_change,m1,2.273597459181691,0.9166666666666666,NKE,9032.0,23.80%,0.8704918032786885,0.49508196721311476,0.8622950819672132,4.959016393442623,25.00957205099859
297,AEP,52,8,pos_change,m1,1.6065809405988232,0.8666666666666667,0,0.0,0,0.5754098360655737,0.036065573770491806,0.33934426229508197,2.1737704918032783,10.442776113892354
298,TAP,51,9,pos_change,m1,1.9064915370269342,0.85,TAP,5013.0,27.92%,0.4344262295081967,0.18688524590163935,0.7967213114754098,2.660655737704918,10.803452043152625
299,EIX,50,10,pos_change,m1,2.0382097378212336,0.8333333333333334,0,0.0,0,0.32295081967213113,0.30491803278688523,0.33934426229508197,2.222950819672131,10.191048689106172
300,PEG,55,5,pos_change,m1,1.6828959104716215,0.9166666666666666,0,0.0,0,0.8704918032786885,0.06885245901639345,0.33934426229508197,3.1573770491803277,18.511855015187827
301,BEN,51,9,pos_change,m1,2.4125269755161303,0.85,0,0.0,0,0.4344262295081967,0.6,0.33934426229508197,3.442622950819672,13.670986194591402
302,VRTX,48,12,pos_change,m1,3.541803814342494,0.8,0,0.0,0,0.14918032786885246,0.9704918032786886,0.33934426229508197,3.698360655737705,14.167215257369982
303,ADI,45,15,pos_change,m1,2.689048709725858,0.75,0,0.0,0,0.029508196721311476,0.7639344262295082,0.33934426229508197,2.719672131147541,8.067146129177575
304,LEG,49,10,pos_change,m1,2.004399583887964,0.8305084745762712,0,0.0,0,0.27704918032786885,0.26885245901639343,0.33934426229508197,1.977049180327869,9.821557961051024
