,stock,W,L,Data_Type,Month_type,Min_vol,Test_perc,Win_Rate,Symbol,Options Vol,Imp Vol,WR_rank,TR_rank,Vol_rank,Total_score,EV
0,APH,44,15,pos_change,m1,2.4579894647141476,100%,0.7457627118644068,0,0.0,0,0.01948051948051948,0.6428571428571429,0.3409090909090909,2.327922077922078,7.210102429828167
1,EVRG,44,14,pos_change,m1,1.66609512946696,100%,0.7586206896551724,0,0.0,0,0.040584415584415584,0.06168831168831169,0.3409090909090909,0.6477272727272727,5.23629897832473
2,HUM,47,12,pos_change,m1,2.8863604346122296,100%,0.7966101694915254,0,0.0,0,0.1314935064935065,0.8831168831168831,0.3409090909090909,3.38474025974026,11.304911702231232
3,CMI,49,9,pos_change,m1,2.43202210190278,100%,0.8448275862068966,0,0.0,0,0.36363636363636365,0.6233766233766234,0.3409090909090909,3.3019480519480515,13.241009221470692
4,MDT,49,11,pos_change,m1,1.9460242004561334,100%,0.8166666666666667,MDT,3201.0,23.51%,0.21915584415584416,0.22727272727272727,0.7435064935064936,2.082792207792208,8.66865325657732
5,CMCSA,48,10,pos_change,m1,2.454840913735662,100%,0.8275862068965517,CMCSA,5354.0,23.94%,0.2597402597402597,0.6396103896103896,0.8051948051948052,3.5032467532467533,11.783236385931177
6,^GSPC,51,9,pos_change,m1,1.2485582146940943,100%,0.85,0,0.0,0,0.42694805194805197,0.003246753246753247,0.3409090909090909,1.6314935064935066,7.075163216599867
7,WEC,52,8,pos_change,m1,1.8382183674480659,100%,0.8666666666666667,0,0.0,0,0.573051948051948,0.14935064935064934,0.3409090909090909,2.508116883116883,11.94841938841243
8,BAC,51,6,pos_change,m1,2.1256848997156994,100%,0.8947368421052632,BAC,116936.0,26.16%,0.7288961038961039,0.38636363636363635,0.9935064935064936,4.339285714285714,18.068321647583446
9,AZO,47,12,pos_change,m1,2.44912281538989,100%,0.7966101694915254,0,0.0,0,0.1314935064935065,0.6331168831168831,0.3409090909090909,2.63474025974026,9.592397693610401
10,EXPD,44,16,pos_change,m1,2.179829228441623,100%,0.7333333333333333,0,0.0,0,0.00974025974025974,0.43506493506493504,0.3409090909090909,1.6753246753246753,5.994530378214462
11,WY,46,9,pos_change,m1,2.2291005541867963,100%,0.8363636363636363,WY,6021.0,28.66%,0.3587662337662338,0.4805194805194805,0.8116883116883117,3.3295454545454546,11.393180610288065
12,HBAN,50,6,pos_change,m1,2.2128985462422874,100%,0.8928571428571429,0,0.0,0,0.7191558441558441,0.461038961038961,0.3409090909090909,3.881493506493506,18.440821218685738
13,HES,50,5,pos_change,m1,2.8470824565536317,100%,0.9090909090909091,HES,3381.0,40.84%,0.8246753246753247,0.8636363636363636,0.75,5.814935064935065,28.470824565536308
14,XRAY,51,9,pos_change,m1,2.62268168443951,100%,0.85,0,0.0,0,0.42694805194805197,0.737012987012987,0.3409090909090909,3.832792207792208,14.861862878490555
15,MNST,47,13,pos_change,m1,2.834019246792411,100%,0.7833333333333333,0,0.0,0,0.1038961038961039,0.8538961038961039,0.3409090909090909,3.2142857142857144,10.246069584557178
16,JPM,47,13,pos_change,m1,2.4705951736725473,100%,0.7833333333333333,JPM,64391.0,21.40%,0.1038961038961039,0.6623376623376623,0.9772727272727273,3.275974025974026,8.93215178173921
17,UNH,46,14,pos_change,m1,2.670647418981766,100%,0.7666666666666667,UNH,6042.0,20.21%,0.06655844155844155,0.7694805194805194,0.814935064935065,3.323051948051948,8.774984376654377
18,WRB,53,6,pos_change,m1,1.908095599776885,100%,0.8983050847457628,0,0.0,0,0.7548701298701299,0.19805194805194806,0.3409090909090909,3.1996753246753245,16.854844464695827
19,IP,53,6,pos_change,m1,2.648677019780832,100%,0.8983050847457628,0,0.0,0,0.7548701298701299,0.7597402597402597,0.3409090909090909,4.884740259740259,23.396647008064026
20,HSY,55,5,pos_change,m1,1.7393864263299872,100%,0.9166666666666666,0,0.0,0,0.8701298701298701,0.10064935064935066,0.3409090909090909,3.2532467532467533,19.13325068962985
21,MXIM,46,14,pos_change,m1,2.7963210320589296,100%,0.7666666666666667,0,0.0,0,0.06655844155844155,0.827922077922078,0.3409090909090909,3.02435064935065,9.187911962479342
22,SLB,49,11,pos_change,m1,2.367242718861442,100%,0.8166666666666667,SLB,11161.0,41.13%,0.21915584415584416,0.5909090909090909,0.8733766233766234,3.303571428571429,10.54499029311006
23,ALK,46,14,pos_change,m1,3.4562539833924224,100%,0.7666666666666667,0,0.0,0,0.06655844155844155,0.9642857142857143,0.3409090909090909,3.433441558441558,11.35626308828939
24,KSU,49,11,pos_change,m1,2.8421006995020135,100%,0.8166666666666667,KSU,2098.0,27.62%,0.21915584415584416,0.8603896103896104,0.685064935064935,3.9237012987012982,12.66026675232715
25,COST,50,10,pos_change,m1,2.143616845728958,100%,0.8333333333333334,COST,18118.0,20.60%,0.3198051948051948,0.41233766233766234,0.9058441558441559,3.102272727272727,10.718084228644793
26,CCL,50,9,pos_change,m1,2.2568982293734576,100%,0.847457627118644,CCL,78612.0,50.62%,0.375,0.4967532467532468,0.9805194805194806,3.595779220779221,12.538323496519206
27,MCK,52,8,pos_change,m1,2.1577196766134374,100%,0.8666666666666667,0,0.0,0,0.573051948051948,0.4253246753246753,0.3409090909090909,3.3360389610389607,14.025177897987346
28,JNJ,53,4,pos_change,m1,1.5604066389843492,100%,0.9298245614035088,JNJ,7984.0,15.28%,0.8993506493506493,0.02922077922077922,0.8344155844155844,3.62012987012987,20.675387966542626
29,BDX,52,8,pos_change,m1,2.0260878813276717,100%,0.8666666666666667,BDX,2259.0,20.32%,0.573051948051948,0.3051948051948052,0.7077922077922078,3.3425324675324672,13.169571228629868
30,CAH,56,4,pos_change,m1,2.219784537116115,100%,0.9333333333333333,CAH,3870.0,29.29%,0.9285714285714286,0.474025974025974,0.7727272727272727,4.98051948051948,31.076983519625617
31,MAA,55,5,pos_change,m1,1.847280888633694,100%,0.9166666666666666,0,0.0,0,0.8701298701298701,0.15584415584415584,0.3409090909090909,3.418831168831169,20.320089774970626
32,TYL,45,15,pos_change,m1,3.0265677492511314,100%,0.75,0,0.0,0,0.02922077922077922,0.9188311688311688,0.3409090909090909,3.185064935064935,9.079703247753393
33,GWW,53,7,pos_change,m1,2.3966082993545785,100%,0.8833333333333333,0,0.0,0,0.6883116883116883,0.6038961038961039,0.3409090909090909,4.217532467532468,18.14574855225609
34,CAT,52,8,pos_change,m1,2.244456529064613,100%,0.8666666666666667,CAT,25690.0,24.62%,0.573051948051948,0.4902597402597403,0.9318181818181818,4.121753246753247,14.588967438919989
35,LUV,50,10,pos_change,m1,2.8643952471701772,100%,0.8333333333333334,LUV,4883.0,30.79%,0.3198051948051948,0.8766233766233766,0.7922077922077922,4.3814935064935066,14.32197623585089
36,MAS,47,13,pos_change,m1,2.7414138768283394,100%,0.7833333333333333,0,0.0,0,0.1038961038961039,0.7954545454545454,0.3409090909090909,3.038961038961039,9.911265554687073
37,PH,50,10,pos_change,m1,2.494179891944784,100%,0.8333333333333334,0,0.0,0,0.3198051948051948,0.6753246753246753,0.3409090909090909,3.3262987012987013,12.470899459723926
38,AFL,51,9,pos_change,m1,1.957589668045107,100%,0.85,0,0.0,0,0.42694805194805197,0.24675324675324675,0.3409090909090909,2.362012987012987,11.09300811892227
39,IEX,52,7,pos_change,m1,2.027678091125359,100%,0.8813559322033898,0,0.0,0,0.6525974025974026,0.30844155844155846,0.3409090909090909,3.224025974025974,15.062751534074094
40,GLW,46,14,pos_change,m1,2.657262275471963,100%,0.7666666666666667,0,0.0,0,0.06655844155844155,0.7662337662337663,0.3409090909090909,2.8392857142857144,8.73100461940788
41,MSI,52,8,pos_change,m1,2.3397171439008484,100%,0.8666666666666667,0,0.0,0,0.573051948051948,0.5551948051948052,0.3409090909090909,3.7256493506493507,15.208161435355517
42,ECL,51,8,pos_change,m1,1.8232636270167102,100%,0.864406779661017,0,0.0,0,0.512987012987013,0.1461038961038961,0.3409090909090909,2.318181818181818,11.62330562223153
43,O,53,6,pos_change,m1,1.845063055987272,100%,0.8983050847457628,0,0.0,0,0.7548701298701299,0.1525974025974026,0.3409090909090909,3.063311688311688,16.298056994554244
44,HD,52,8,pos_change,m1,1.9823703054931803,100%,0.8666666666666667,HD,25414.0,23.71%,0.573051948051948,0.2694805194805195,0.9285714285714286,3.4561688311688314,12.885406985705675
45,IFF,55,5,pos_change,m1,2.063594262767687,100%,0.9166666666666666,0,0.0,0,0.8701298701298701,0.3344155844155844,0.3409090909090909,3.9545454545454546,22.699536890444545
46,LMT,50,8,pos_change,m1,1.9982322888253592,100%,0.8620689655172413,0,0.0,0,0.48863636363636365,0.275974025974026,0.3409090909090909,2.6347402597402594,12.48895180515849
47,INCY,41,17,pos_change,m1,4.720499429642957,100%,0.7068965517241379,0,0.0,0,0.003246753246753247,1.0,0.3409090909090909,3.3506493506493507,11.38473391855066
48,CPB,53,6,pos_change,m1,1.7208559279841529,100%,0.8983050847457628,0,0.0,0,0.7548701298701299,0.08441558441558442,0.3409090909090909,2.8587662337662336,15.200894030526692
49,DTE,52,8,pos_change,m1,1.6637501583661132,100%,0.8666666666666667,0,0.0,0,0.573051948051948,0.05844155844155844,0.3409090909090909,2.2353896103896105,10.814376029379737
50,HST,50,9,pos_change,m1,2.594222294254926,100%,0.847457627118644,0,0.0,0,0.375,0.7272727272727273,0.3409090909090909,3.6477272727272725,14.41234607919403
51,PVH,52,8,pos_change,m1,2.785798624506302,100%,0.8666666666666667,0,0.0,0,0.573051948051948,0.8181818181818182,0.3409090909090909,4.5146103896103895,18.107691059290968
52,ZBRA,52,8,pos_change,m1,3.0202597418092774,100%,0.8666666666666667,0,0.0,0,0.573051948051948,0.9155844155844156,0.3409090909090909,4.806818181818182,19.631688321760308
53,L,51,8,pos_change,m1,1.6517396942245564,100%,0.864406779661017,0,0.0,0,0.512987012987013,0.048701298701298704,0.3409090909090909,2.0259740259740258,10.52984055068155
54,MRO,55,5,pos_change,m1,2.796963865758824,100%,0.9166666666666666,MRO,21384.0,53.77%,0.8701298701298701,0.8311688311688312,0.9155844155844156,6.01948051948052,30.76660252334705
55,PCAR,50,10,pos_change,m1,2.785537768064838,100%,0.8333333333333334,0,0.0,0,0.3198051948051948,0.814935064935065,0.3409090909090909,3.74512987012987,13.927688840324194
56,BIIB,42,13,pos_change,m1,2.935480725941253,100%,0.7636363636363637,0,0.0,0,0.045454545454545456,0.8961038961038961,0.3409090909090909,3.1655844155844153,9.483860806887128
57,XEL,52,8,pos_change,m1,1.539774418025368,100%,0.8666666666666667,0,0.0,0,0.573051948051948,0.01948051948051948,0.3409090909090909,2.1185064935064934,10.008533717164896
58,HFC,53,7,pos_change,m1,2.822895406342951,100%,0.8833333333333333,0,0.0,0,0.6883116883116883,0.8474025974025974,0.3409090909090909,4.9480519480519485,21.37335093373948
59,ETR,51,9,pos_change,m1,1.820973818628945,100%,0.85,0,0.0,0,0.42694805194805197,0.14285714285714285,0.3409090909090909,2.0503246753246755,10.318851638897353
60,TFC,55,4,pos_change,m1,1.9476875210553215,100%,0.9322033898305084,0,0.0,0,0.9123376623376623,0.23376623376623376,0.3409090909090909,3.779220779220779,26.780703414510654
61,MMC,50,10,pos_change,m1,2.0074251640994696,100%,0.8333333333333334,0,0.0,0,0.3198051948051948,0.2857142857142857,0.3409090909090909,2.1574675324675323,10.03712582049735
62,ETN,56,4,pos_change,m1,2.2189457983368706,100%,0.9333333333333333,0,0.0,0,0.9285714285714286,0.4707792207792208,0.3409090909090909,4.538961038961038,31.065241176716196
63,MMM,50,10,pos_change,m1,1.7665110391258636,100%,0.8333333333333334,MMM,3080.0,17.58%,0.3198051948051948,0.11038961038961038,0.737012987012987,2.0275974025974026,8.83255519562932
64,PENN,52,6,pos_change,m1,2.799058152012314,100%,0.896551724137931,PENN,38175.0,61.14%,0.7402597402597403,0.8376623376623377,0.9577922077922078,5.691558441558442,24.258503984106724
65,CVX,55,5,pos_change,m1,1.8788484039592184,100%,0.9166666666666666,CVX,15480.0,25.87%,0.8701298701298701,0.18181818181818182,0.8928571428571429,4.048701298701299,20.66733244355139
66,GD,49,11,pos_change,m1,1.910143078811048,100%,0.8166666666666667,0,0.0,0,0.21915584415584416,0.20454545454545456,0.3409090909090909,1.612012987012987,8.508819169249213
67,TGT,48,12,pos_change,m1,2.248569135459557,100%,0.8,TGT,12273.0,29.95%,0.14772727272727273,0.4935064935064935,0.8896103896103896,2.813311688311688,8.99427654183823
68,GIS,55,5,pos_change,m1,1.5796573927600956,100%,0.9166666666666666,0,0.0,0,0.8701298701298701,0.03896103896103896,0.3409090909090909,3.0681818181818183,17.376231320361043
69,CERN,44,16,pos_change,m1,2.6189435542925317,100%,0.7333333333333333,0,0.0,0,0.00974025974025974,0.7337662337662337,0.3409090909090909,2.571428571428571,7.20209477430446
70,ROK,53,7,pos_change,m1,2.7979150106626793,100%,0.8833333333333333,0,0.0,0,0.6883116883116883,0.8344155844155844,0.3409090909090909,4.909090909090909,21.184213652160278
71,LH,56,4,pos_change,m1,2.14046276114879,100%,0.9333333333333333,0,0.0,0,0.9285714285714286,0.40584415584415584,0.3409090909090909,4.344155844155844,29.96647865608307
72,PSA,49,10,pos_change,m1,1.9503059149083983,100%,0.8305084745762712,0,0.0,0,0.27435064935064934,0.24025974025974026,0.3409090909090909,1.8847402597402596,9.556498983051153
73,DE,50,10,pos_change,m1,2.7263044878387355,100%,0.8333333333333334,DE,8373.0,30.77%,0.3198051948051948,0.7922077922077922,0.8409090909090909,4.176948051948052,13.631522439193681
74,TMO,50,10,pos_change,m1,2.3686779152690414,100%,0.8333333333333334,0,0.0,0,0.3198051948051948,0.5941558441558441,0.3409090909090909,3.082792207792208,11.84338957634521
75,STZ,52,8,pos_change,m1,2.468880913895657,100%,0.8666666666666667,0,0.0,0,0.573051948051948,0.6558441558441559,0.3409090909090909,4.027597402597403,16.047725940321772
76,ORLY,51,9,pos_change,m1,2.298643343224356,100%,0.85,0,0.0,0,0.42694805194805197,0.5292207792207793,0.3409090909090909,3.2094155844155843,13.02564561160468
77,STT,53,7,pos_change,m1,2.4346613948173492,100%,0.8833333333333333,0,0.0,0,0.6883116883116883,0.6266233766233766,0.3409090909090909,4.285714285714286,18.43386484647421
78,JKHY,46,14,pos_change,m1,2.554575941718582,100%,0.7666666666666667,0,0.0,0,0.06655844155844155,0.7077922077922078,0.3409090909090909,2.6639610389610384,8.393606665646772
79,ATO,52,7,pos_change,m1,1.9721326869116882,100%,0.8813559322033898,0,0.0,0,0.6525974025974026,0.2564935064935065,0.3409090909090909,3.0681818181818183,14.650128531343967
80,AMGN,44,13,pos_change,m1,2.1190105987931536,100%,0.7719298245614035,0,0.0,0,0.08766233766233766,0.38311688311688313,0.3409090909090909,1.7532467532467533,7.172035872838364
81,TJX,52,8,pos_change,m1,2.468764729252816,100%,0.8666666666666667,0,0.0,0,0.573051948051948,0.6525974025974026,0.3409090909090909,4.017857142857143,16.04697074014331
82,AOS,49,10,pos_change,m1,2.1354731722862965,100%,0.8305084745762712,0,0.0,0,0.27435064935064934,0.39935064935064934,0.3409090909090909,2.362012987012987,10.463818544202853
83,D,49,11,pos_change,m1,1.6605347053417572,100%,0.8166666666666667,0,0.0,0,0.21915584415584416,0.05519480519480519,0.3409090909090909,1.163961038961039,7.396927323795099
84,BK,48,11,pos_change,m1,2.4700765027471476,100%,0.8135593220338984,0,0.0,0,0.18019480519480519,0.6590909090909091,0.3409090909090909,2.858766233766233,10.778515648351194
85,ADBE,51,9,pos_change,m1,2.896010570758751,100%,0.85,ADBE,12239.0,25.37%,0.42694805194805197,0.8896103896103896,0.8863636363636364,4.836038961038962,16.410726567632917
86,J,54,6,pos_change,m1,2.707986935754888,100%,0.9,0,0.0,0,0.7938311688311688,0.7824675324675324,0.3409090909090909,5.069805194805195,24.371882421793998
87,CSCO,49,11,pos_change,m1,2.4652568259072645,100%,0.8166666666666667,CSCO,59481.0,27.56%,0.21915584415584416,0.6493506493506493,0.974025974025974,3.579545454545454,10.981598588132359
88,BLL,53,7,pos_change,m1,2.2311081237742423,100%,0.8833333333333333,0,0.0,0,0.6883116883116883,0.4837662337662338,0.3409090909090909,3.857142857142857,16.892675794290685
89,ADM,46,9,pos_change,m1,2.0638609013454565,100%,0.8363636363636363,ADM,2144.0,21.39%,0.3587662337662338,0.33766233766233766,0.6915584415584416,2.780844155844156,10.548622384654552
90,AME,50,10,pos_change,m1,2.460936408381727,100%,0.8333333333333334,0,0.0,0,0.3198051948051948,0.6461038961038961,0.3409090909090909,3.2386363636363633,12.304682041908638
91,MKC,57,3,pos_change,m1,1.9060038497592187,100%,0.95,0,0.0,0,0.9626623376623377,0.19155844155844157,0.3409090909090909,3.803571428571429,36.21407314542512
92,LLY,57,3,pos_change,m1,1.9718449454526183,100%,0.95,LLY,2882.0,26.33%,0.9626623376623377,0.2532467532467532,0.7272727272727273,4.375,37.465053963599715
93,XOM,51,9,pos_change,m1,1.9373308876547726,100%,0.85,XOM,54318.0,28.78%,0.42694805194805197,0.21753246753246752,0.9675324675324676,2.900974025974026,10.978208363377043
94,TSN,52,8,pos_change,m1,2.488804893621111,100%,0.8666666666666667,0,0.0,0,0.573051948051948,0.6688311688311688,0.3409090909090909,4.066558441558442,16.177231808537226
95,RCL,56,3,pos_change,m1,2.563589745667035,100%,0.9491525423728814,RCL,8846.0,45.88%,0.9464285714285714,0.7142857142857143,0.8571428571428571,5.839285714285714,47.85367525245135
96,UNM,53,7,pos_change,m1,2.532751453450709,100%,0.8833333333333333,0,0.0,0,0.6883116883116883,0.6948051948051948,0.3409090909090909,4.490259740259741,19.176546718983936
97,VNO,56,2,pos_change,m1,2.007884466291469,100%,0.9655172413793104,0,0.0,0,0.9805194805194806,0.288961038961039,0.3409090909090909,4.14935064935065,56.220765056161206
98,AVY,51,8,pos_change,m1,2.2087094013096653,100%,0.864406779661017,0,0.0,0,0.512987012987013,0.4577922077922078,0.3409090909090909,3.253246753246753,14.080522433349119
99,HOLX,45,15,pos_change,m1,3.307257463882358,100%,0.75,0,0.0,0,0.02922077922077922,0.9577922077922078,0.3409090909090909,3.3019480519480515,9.921772391647075
100,COF,48,10,pos_change,m1,2.5067089820947626,100%,0.8275862068965517,0,0.0,0,0.2597402597402597,0.685064935064935,0.3409090909090909,3.175324675324675,12.03220311405486
101,AIG,53,5,pos_change,m1,2.01242011954298,100%,0.9137931034482759,0,0.0,0,0.836038961038961,0.2922077922077922,0.3409090909090909,3.72564935064935,21.331653267155602
102,MOS,57,3,pos_change,m1,2.646952819125846,100%,0.95,MOS,9925.0,44.51%,0.9626623376623377,0.7564935064935064,0.8668831168831169,6.024350649350649,50.29210356339103
103,GPC,51,9,pos_change,m1,1.808318532282255,100%,0.85,0,0.0,0,0.42694805194805197,0.1331168831168831,0.3409090909090909,2.021103896103896,10.247138349599444
104,WDC,51,9,pos_change,m1,2.950071701275378,100%,0.85,WDC,3927.0,39.92%,0.42694805194805197,0.9025974025974026,0.775974025974026,4.7646103896103895,16.717072973893806
105,AMAT,52,8,pos_change,m1,3.126387448232062,100%,0.8666666666666667,AMAT,24851.0,41.52%,0.573051948051948,0.9318181818181818,0.9253246753246753,5.439935064935065,20.32151841350841
106,ODFL,52,8,pos_change,m1,3.2632403618707286,100%,0.8666666666666667,0,0.0,0,0.573051948051948,0.9448051948051948,0.3409090909090909,4.89448051948052,21.211062352159743
107,SHW,49,11,pos_change,m1,2.3404270622153653,100%,0.8166666666666667,0,0.0,0,0.21915584415584416,0.5616883116883117,0.3409090909090909,2.683441558441558,10.425538731686625
108,NOC,54,6,pos_change,m1,2.343353226061193,100%,0.9,NOC,2061.0,19.58%,0.7938311688311688,0.5681818181818182,0.6818181818181818,4.767857142857142,21.09017903455074
109,GL,50,8,pos_change,m1,2.1093336290066786,100%,0.8620689655172413,0,0.0,0,0.48863636363636365,0.36688311688311687,0.3409090909090909,2.9074675324675323,13.183335181291735
110,DRE,52,8,pos_change,m1,2.0490284315170366,100%,0.8666666666666667,0,0.0,0,0.573051948051948,0.3246753246753247,0.3409090909090909,3.034090909090909,13.318684804860741
111,NWL,54,6,pos_change,m1,2.448998739061901,100%,0.9,0,0.0,0,0.7938311688311688,0.6298701298701299,0.3409090909090909,4.612012987012987,22.040988651557118
112,DHR,46,14,pos_change,m1,2.1720952791869794,100%,0.7666666666666667,0,0.0,0,0.06655844155844155,0.4318181818181818,0.3409090909090909,1.836038961038961,7.13688448875722
113,WMT,51,9,pos_change,m1,1.7381235277938214,100%,0.85,WMT,23652.0,23.68%,0.42694805194805197,0.09740259740259741,0.922077922077922,2.49512987012987,9.84936665749832
114,VZ,45,12,pos_change,m1,1.5423849822762143,100%,0.7894736842105263,VZ,18055.0,14.61%,0.12175324675324675,0.022727272727272728,0.9025974025974026,1.3360389610389611,5.783943683535805
115,CINF,52,8,pos_change,m1,1.7568099786278035,100%,0.8666666666666667,0,0.0,0,0.573051948051948,0.1038961038961039,0.3409090909090909,2.3717532467532467,11.419264861080727
116,XLNX,45,15,pos_change,m1,2.7581481976203475,100%,0.75,0,0.0,0,0.02922077922077922,0.7987012987012987,0.3409090909090909,2.8246753246753245,8.274444592861043
117,NUE,50,8,pos_change,m1,2.6317333930817846,100%,0.8620689655172413,NUE,8511.0,36.08%,0.48863636363636365,0.75,0.8441558441558441,4.5600649350649345,16.448333706761147
118,MTB,56,1,pos_change,m1,1.856780995950102,100%,0.9824561403508771,0,0.0,0,0.9967532467532467,0.16558441558441558,0.3409090909090909,3.8279220779220777,103.97973577320539
119,FMC,54,6,pos_change,m1,2.351489843569508,100%,0.9,0,0.0,0,0.7938311688311688,0.5714285714285714,0.3409090909090909,4.436688311688312,21.163408592125577
120,WM,46,14,pos_change,m1,1.7371830370646952,100%,0.7666666666666667,0,0.0,0,0.06655844155844155,0.09415584415584416,0.3409090909090909,0.823051948051948,5.707887121784001
121,IPG,58,2,pos_change,m1,2.4896962761546826,100%,0.9666666666666667,0,0.0,0,0.9918831168831169,0.672077922077922,0.3409090909090909,5.332792207792207,72.20119200848582
122,KEY,55,5,pos_change,m1,2.2019137228518884,100%,0.9166666666666666,0,0.0,0,0.8701298701298701,0.45454545454545453,0.3409090909090909,4.314935064935065,24.221050951370756
123,LUMN,53,2,pos_change,m1,2.128243762970378,100%,0.9636363636363636,LUMN,18954.0,35.17%,0.9756493506493507,0.38961038961038963,0.9090909090909091,5.00487012987013,56.39845971871499
124,LHX,48,8,pos_change,m1,2.0943942998620466,100%,0.8571428571428571,0,0.0,0,0.4707792207792208,0.35064935064935066,0.3409090909090909,2.8051948051948052,12.566365799172274
125,REG,52,7,pos_change,m1,1.7903875635344149,100%,0.8813559322033898,0,0.0,0,0.6525974025974026,0.12012987012987013,0.3409090909090909,2.659090909090909,13.300021900541365
126,ABT,50,10,pos_change,m1,1.93980192509424,100%,0.8333333333333334,ABT,3276.0,19.88%,0.3198051948051948,0.22077922077922077,0.7467532467532467,2.3685064935064934,9.699009625471202
127,CMA,55,4,pos_change,m1,2.3000526939125554,100%,0.9322033898305084,0,0.0,0,0.9123376623376623,0.5324675324675324,0.3409090909090909,4.675324675324675,31.62572454129762
128,CMS,51,6,pos_change,m1,1.7599022213955131,100%,0.8947368421052632,0,0.0,0,0.7288961038961039,0.10714285714285714,0.3409090909090909,2.849025974025974,14.959168881861862
129,HON,42,15,pos_change,m1,2.0705689819531266,100%,0.7368421052631579,HON,2112.0,18.87%,0.016233766233766232,0.3409090909090909,0.6883116883116883,1.7597402597402598,5.797593149468754
130,CLX,50,8,pos_change,m1,1.8488417953249177,100%,0.8620689655172413,CLX,2260.0,20.79%,0.48863636363636365,0.1590909090909091,0.711038961038961,2.654220779220779,11.55526122078073
131,CVS,49,11,pos_change,m1,2.189812492663382,100%,0.8166666666666667,CVS,36422.0,20.10%,0.21915584415584416,0.4383116883116883,0.9512987012987013,2.9237012987012987,9.75461928550052
132,MLM,51,7,pos_change,m1,2.634598840450048,100%,0.8793103448275862,0,0.0,0,0.637987012987013,0.7532467532467533,0.3409090909090909,4.5146103896103895,19.194934408993202
133,NI,52,6,pos_change,m1,1.8630354419619655,100%,0.896551724137931,0,0.0,0,0.7402597402597403,0.16883116883116883,0.3409090909090909,3.0681818181818183,16.14630716367037
134,SPG,53,7,pos_change,m1,2.132400696934759,100%,0.8833333333333333,SPG,2314.0,36.09%,0.6883116883116883,0.39285714285714285,0.7207792207792207,3.9642857142857144,16.145319562506028
135,SNPS,53,7,pos_change,m1,2.506972901098671,100%,0.8833333333333333,0,0.0,0,0.6883116883116883,0.6883116883116883,0.3409090909090909,4.470779220779221,18.981366251175647
136,KR,52,8,pos_change,m1,2.296399658804633,100%,0.8666666666666667,KR,26424.0,22.19%,0.573051948051948,0.5227272727272727,0.935064935064935,4.222402597402597,14.92659778223012
137,VMC,57,3,pos_change,m1,2.360272459831454,100%,0.95,0,0.0,0,0.9626623376623377,0.5876623376623377,0.3409090909090909,4.991883116883117,44.84517673679758
138,STE,46,14,pos_change,m1,2.3759242254794897,100%,0.7666666666666667,0,0.0,0,0.06655844155844155,0.5974025974025974,0.3409090909090909,2.332792207792208,7.806608169432611
139,NSC,49,8,pos_change,m1,2.360123071382038,100%,0.8596491228070176,0,0.0,0,0.474025974025974,0.5844155844155844,0.3409090909090909,3.516233766233766,14.455753812214985
140,BWA,55,4,pos_change,m1,2.2713192776823354,100%,0.9322033898305084,0,0.0,0,0.9123376623376623,0.5064935064935064,0.3409090909090909,4.5974025974025965,31.230640068132093
141,AAPL,50,9,pos_change,m1,2.8228214124010163,100%,0.847457627118644,AAPL,749776.0,24.74%,0.375,0.8441558441558441,1.0,4.657467532467532,15.68234118000564
142,SIVB,54,4,pos_change,m1,2.8218255453914662,100%,0.9310344827586207,0,0.0,0,0.9042207792207793,0.8409090909090909,0.3409090909090909,5.576298701298701,38.094644862784776
143,PEAK,47,13,pos_change,m1,1.8553510100908241,100%,0.7833333333333333,0,0.0,0,0.1038961038961039,0.16233766233766234,0.3409090909090909,1.1396103896103895,6.707807498020672
144,ITW,53,7,pos_change,m1,2.1139282356956426,100%,0.8833333333333333,0,0.0,0,0.6883116883116883,0.37337662337662336,0.3409090909090909,3.525974025974026,16.005456641695574
145,SPGI,46,14,pos_change,m1,2.2239906843666395,100%,0.7666666666666667,0,0.0,0,0.06655844155844155,0.4772727272727273,0.3409090909090909,1.9724025974025974,7.3073979629189605
146,DUK,50,10,pos_change,m1,1.5480177834199929,100%,0.8333333333333334,0,0.0,0,0.3198051948051948,0.025974025974025976,0.3409090909090909,1.3782467532467533,7.740088917099966
147,LEN,48,11,pos_change,m1,3.0036451304895153,100%,0.8135593220338984,0,0.0,0,0.18019480519480519,0.9090909090909091,0.3409090909090909,3.608766233766233,13.106815114863345
148,SO,54,6,pos_change,m1,1.5393191832051996,100%,0.9,0,0.0,0,0.7938311688311688,0.016233766233766232,0.3409090909090909,2.771103896103896,13.8538726488468
149,SJM,55,5,pos_change,m1,1.5232936874281569,100%,0.9166666666666666,0,0.0,0,0.8701298701298701,0.012987012987012988,0.3409090909090909,2.99025974025974,16.756230561709717
150,ROST,51,9,pos_change,m1,2.85123365687611,100%,0.85,0,0.0,0,0.42694805194805197,0.8668831168831169,0.3409090909090909,4.222402597402597,16.156990722297955
151,BBY,49,11,pos_change,m1,3.254100354613038,100%,0.8166666666666667,BBY,4294.0,37.19%,0.21915584415584416,0.9415584415584416,0.7857142857142857,4.267857142857143,14.495537943276258
152,FAST,52,8,pos_change,m1,2.5940118490187802,100%,0.8666666666666667,0,0.0,0,0.573051948051948,0.724025974025974,0.3409090909090909,4.232142857142858,16.861077018622076
153,APA,55,5,pos_change,m1,2.770935030095988,100%,0.9166666666666666,APA,11294.0,61.72%,0.8701298701298701,0.801948051948052,0.8766233766233766,5.892857142857142,30.480285331055853
154,AXP,50,7,pos_change,m1,1.9748745871974003,100%,0.8771929824561403,AXP,6338.0,23.85%,0.6298701298701299,0.262987012987013,0.8214285714285714,3.5,14.106247051409996
155,OXY,47,10,pos_change,m1,2.312780019655311,100%,0.8245614035087719,OXY,17186.0,57.58%,0.2532467532467532,0.538961038961039,0.8961038961038961,3.2727272727272725,10.870066092379963
156,MU,52,5,pos_change,m1,4.3465500934516665,100%,0.9122807017543859,MU,26937.0,37.45%,0.8295454545454546,0.9967532467532467,0.9383116883116883,6.417207792207792,45.204120971897304
157,BAX,47,13,pos_change,m1,2.1176381207032002,100%,0.7833333333333333,0,0.0,0,0.1038961038961039,0.37987012987012986,0.3409090909090909,1.7922077922077921,7.656076282542339
158,GPS,54,5,pos_change,m1,2.7803971375408176,100%,0.9152542372881356,GPS,4542.0,55.55%,0.8409090909090909,0.8084415584415584,0.788961038961039,5.737012987012987,30.02828908544083
159,EMR,56,3,pos_change,m1,2.1912598360829896,100%,0.9491525423728814,0,0.0,0,0.9464285714285714,0.44155844155844154,0.3409090909090909,4.50487012987013,40.90351694021582
160,ED,54,6,pos_change,m1,1.5741205593629881,100%,0.9,0,0.0,0,0.7938311688311688,0.03571428571428571,0.3409090909090909,2.8295454545454546,14.167085034266897
161,JCI,56,4,pos_change,m1,2.1381430731623845,100%,0.9333333333333333,0,0.0,0,0.9285714285714286,0.4025974025974026,0.3409090909090909,4.334415584415584,29.934003024273387
162,LB,50,10,pos_change,m1,2.857637581422235,100%,0.8333333333333334,0,0.0,0,0.3198051948051948,0.8733766233766234,0.3409090909090909,3.920454545454545,14.288187907111176
163,LIN,50,8,pos_change,m1,1.9937460273036138,100%,0.8620689655172413,0,0.0,0,0.48863636363636365,0.2727272727272727,0.3409090909090909,2.625,12.46091267064758
164,EMN,57,2,pos_change,m1,2.298532161411806,100%,0.9661016949152542,0,0.0,0,0.9853896103896104,0.525974025974026,0.3409090909090909,4.875,65.50816660023644
165,TRMB,48,11,pos_change,m1,2.783982952063885,100%,0.8135593220338984,0,0.0,0,0.18019480519480519,0.8116883116883117,0.3409090909090909,3.316558441558441,12.148289245369684
166,RJF,49,11,pos_change,m1,2.772591843915664,100%,0.8166666666666667,0,0.0,0,0.21915584415584416,0.8051948051948052,0.3409090909090909,3.4139610389610393,12.350636395624319
167,SWK,50,10,pos_change,m1,2.4799797593942206,100%,0.8333333333333334,0,0.0,0,0.3198051948051948,0.6655844155844156,0.3409090909090909,3.2970779220779223,12.399898796971106
168,WHR,50,10,pos_change,m1,2.428505304455499,100%,0.8333333333333334,0,0.0,0,0.3198051948051948,0.6201298701298701,0.3409090909090909,3.1607142857142856,12.142526522277498
169,ALL,50,10,pos_change,m1,2.060561368815675,100%,0.8333333333333334,ALL,3130.0,18.40%,0.3198051948051948,0.33116883116883117,0.7402597402597403,2.6931818181818183,10.302806844078379
170,ALB,54,6,pos_change,m1,2.889501609121322,100%,0.9,ALB,3519.0,42.09%,0.7938311688311688,0.8863636363636364,0.7564935064935064,5.797077922077922,26.0055144820919
171,CPRT,48,7,pos_change,m1,2.626241658776977,100%,0.8727272727272727,0,0.0,0,0.625,0.7435064935064936,0.3409090909090909,4.446428571428572,18.00851423161355
172,BMY,54,6,pos_change,m1,1.95018511113023,100%,0.9,BMY,7794.0,17.90%,0.7938311688311688,0.237012987012987,0.8311688311688312,3.9237012987012987,17.551666000172073
173,FITB,55,5,pos_change,m1,2.1985498471130436,100%,0.9166666666666666,0,0.0,0,0.8701298701298701,0.4448051948051948,0.3409090909090909,4.285714285714286,24.184048318243466
174,CL,46,10,pos_change,m1,1.7170423800773822,100%,0.8214285714285714,CL,2427.0,16.42%,0.25,0.08116883116883117,0.724025974025974,1.7175324675324675,7.898394948355956
175,ATVI,49,11,pos_change,m1,3.609120348341179,100%,0.8166666666666667,ATVI,22489.0,25.53%,0.21915584415584416,0.974025974025974,0.9188311688311688,4.498376623376624,16.076990642610703
176,CB,51,9,pos_change,m1,1.9798234178703016,100%,0.85,0,0.0,0,0.42694805194805197,0.2662337662337662,0.3409090909090909,2.4204545454545454,11.218999367931707
177,SNA,53,7,pos_change,m1,2.143051079011319,100%,0.8833333333333333,0,0.0,0,0.6883116883116883,0.4090909090909091,0.3409090909090909,3.633116883116883,16.225958169657126
178,MRK,50,10,pos_change,m1,1.8745579887448522,100%,0.8333333333333334,MRK,11671.0,18.80%,0.3198051948051948,0.17532467532467533,0.8831168831168831,2.3685064935064934,9.372789943724264
179,HPQ,48,7,pos_change,m1,3.285436394466528,100%,0.8727272727272727,0,0.0,0,0.625,0.948051948051948,0.3409090909090909,5.060064935064935,22.52870670491333
180,PNC,53,7,pos_change,m1,2.0238327098383055,100%,0.8833333333333333,0,0.0,0,0.6883116883116883,0.30194805194805197,0.3409090909090909,3.311688311688312,15.32330480306145
181,LNC,55,5,pos_change,m1,2.711203626571729,100%,0.9166666666666666,0,0.0,0,0.8701298701298701,0.788961038961039,0.3409090909090909,5.318181818181818,29.823239892289003
182,KO,51,9,pos_change,m1,1.5731682854691795,100%,0.85,KO,11653.0,14.46%,0.42694805194805197,0.032467532467532464,0.8798701298701299,2.258116883116883,8.914620284325348
183,TXN,48,12,pos_change,m1,2.555814782008534,100%,0.8,TXN,7218.0,25.08%,0.14772727272727273,0.711038961038961,0.8246753246753247,3.400974025974026,10.223259128034138
184,F,55,5,pos_change,m1,2.3773901278833685,100%,0.9166666666666666,F,82656.0,38.66%,0.8701298701298701,0.6006493506493507,0.9837662337662337,5.396103896103897,26.15129140671704
185,MCO,51,8,pos_change,m1,2.5009717889454564,100%,0.864406779661017,0,0.0,0,0.512987012987013,0.6818181818181818,0.3409090909090909,3.925324675324675,15.943695154527287
186,SBUX,49,11,pos_change,m1,2.3417876885517157,100%,0.8166666666666667,SBUX,7506.0,20.71%,0.21915584415584416,0.564935064935065,0.827922077922078,3.1801948051948052,10.431599703548551
187,TRV,48,11,pos_change,m1,1.7984592771264847,100%,0.8135593220338984,0,0.0,0,0.18019480519480519,0.1266233766233766,0.3409090909090909,1.2613636363636362,7.847822300188299
188,SWKS,46,14,pos_change,m1,4.121994194678351,100%,0.7666666666666667,SWKS,5821.0,31.58%,0.06655844155844155,0.9935064935064936,0.8084415584415584,3.9886363636363638,13.543695211086014
189,RF,56,3,pos_change,m1,2.3200784882400454,100%,0.9491525423728814,0,0.0,0,0.9464285714285714,0.5487012987012987,0.3409090909090909,4.826298701298701,43.30813178048086
190,AMD,54,6,pos_change,m1,4.056674470910135,100%,0.9,AMD,182844.0,35.35%,0.7938311688311688,0.987012987012987,0.9967532467532467,6.339285714285715,36.510070238191226
191,IT,44,14,pos_change,m1,2.5129780057526947,100%,0.7586206896551724,0,0.0,0,0.040584415584415584,0.6915584415584416,0.3409090909090909,2.5373376623376624,7.897930875222753
192,OMC,54,6,pos_change,m1,2.0502734854591202,100%,0.9,0,0.0,0,0.7938311688311688,0.32792207792207795,0.3409090909090909,3.7061688311688314,18.452461369132088
193,TSCO,46,12,pos_change,m1,2.542082280940761,100%,0.7931034482758621,0,0.0,0,0.1266233766233766,0.7012987012987013,0.3409090909090909,2.8246753246753245,9.744648743606252
194,UNP,52,6,pos_change,m1,2.1990750628823172,100%,0.896551724137931,UNP,2217.0,20.50%,0.7402597402597403,0.44805194805194803,0.7045454545454546,4.26948051948052,19.058650544980086
195,ADP,52,8,pos_change,m1,1.8761637244290092,100%,0.8666666666666667,0,0.0,0,0.573051948051948,0.17857142857142858,0.3409090909090909,2.5957792207792205,12.195064208788564
196,VFC,50,10,pos_change,m1,2.351678536051028,100%,0.8333333333333334,VFC,3622.0,31.15%,0.3198051948051948,0.5746753246753247,0.7597402597402597,3.4431818181818183,11.758392680255144
197,K,51,9,pos_change,m1,1.669406108519528,100%,0.85,K,17379.0,20.82%,0.42694805194805197,0.06818181818181818,0.8993506493506493,2.38474025974026,9.459967948277322
198,CSX,53,7,pos_change,m1,2.708945028615487,100%,0.8833333333333333,0,0.0,0,0.6883116883116883,0.7857142857142857,0.3409090909090909,4.762987012987013,20.51058378808868
199,PNR,50,8,pos_change,m1,2.2362695996620188,100%,0.8620689655172413,0,0.0,0,0.48863636363636365,0.487012987012987,0.3409090909090909,3.267857142857143,13.976684997887611
200,AON,57,3,pos_change,m1,2.2165830626863046,100%,0.95,0,0.0,0,0.9626623376623377,0.4675324675324675,0.3409090909090909,4.6314935064935066,42.11507819103975
201,TROW,52,7,pos_change,m1,2.41031055687549,100%,0.8813559322033898,0,0.0,0,0.6525974025974026,0.6071428571428571,0.3409090909090909,4.12012987012987,17.905164136789352
202,EQR,51,6,pos_change,m1,1.9461168492138952,100%,0.8947368421052632,0,0.0,0,0.7288961038961039,0.2305194805194805,0.3409090909090909,3.219155844155844,16.54199321831811
203,CHD,52,8,pos_change,m1,2.0002405936633627,100%,0.8666666666666667,0,0.0,0,0.573051948051948,0.2792207792207792,0.3409090909090909,2.8977272727272725,13.001563858811862
204,LOW,50,10,pos_change,m1,2.4167632790952145,100%,0.8333333333333334,LOW,10571.0,29.62%,0.3198051948051948,0.6136363636363636,0.8701298701298701,3.670454545454545,12.083816395476076
205,PBCT,54,6,pos_change,m1,1.9454705552398306,100%,0.9,0,0.0,0,0.7938311688311688,0.22402597402597402,0.3409090909090909,3.3944805194805197,17.50923499715848
206,OKE,55,5,pos_change,m1,2.213619910492038,100%,0.9166666666666666,0,0.0,0,0.8701298701298701,0.4642857142857143,0.3409090909090909,4.344155844155844,24.349819015412407
207,^IXIC,54,6,pos_change,m1,1.6689919675901947,100%,0.9,0,0.0,0,0.7938311688311688,0.06493506493506493,0.3409090909090909,2.917207792207792,15.020927708311756
208,NEE,52,5,pos_change,m1,1.8166256044519478,100%,0.9122807017543859,NEE,6243.0,21.65%,0.8295454545454546,0.13636363636363635,0.8181818181818182,3.7159090909090913,18.892906286300246
209,PPG,51,9,pos_change,m1,1.9514152572535166,100%,0.85,0,0.0,0,0.42694805194805197,0.2435064935064935,0.3409090909090909,2.3522727272727275,11.05801979110326
210,TFX,55,5,pos_change,m1,2.2673879825082324,100%,0.9166666666666666,0,0.0,0,0.8701298701298701,0.5,0.3409090909090909,4.451298701298701,24.941267807590545
211,BKR,49,10,pos_change,m1,3.070830370317924,100%,0.8305084745762712,BKR,2957.0,41.13%,0.27435064935064934,0.9285714285714286,0.7305194805194806,4.339285714285714,15.047068814557827
212,JBHT,45,11,pos_change,m1,2.8244870860048685,100%,0.8035714285714286,0,0.0,0,0.16233766233766234,0.8506493506493507,0.3409090909090909,3.3798701298701297,11.554719897292648
213,ABMD,46,11,pos_change,m1,4.053884092034725,100%,0.8070175438596491,0,0.0,0,0.16558441558441558,0.9837662337662337,0.3409090909090909,3.788961038961039,16.952606203054298
214,AJG,54,4,pos_change,m1,1.8864541452560806,100%,0.9310344827586207,0,0.0,0,0.9042207792207793,0.18506493506493507,0.3409090909090909,3.608766233766234,25.46713096095708
215,EOG,55,5,pos_change,m1,3.156844210280083,100%,0.9166666666666666,0,0.0,0,0.8701298701298701,0.935064935064935,0.3409090909090909,5.7564935064935066,34.72528631308089
216,PKI,46,14,pos_change,m1,2.49670660392846,100%,0.7666666666666667,0,0.0,0,0.06655844155844155,0.6785714285714286,0.3409090909090909,2.5762987012987013,8.203464555764944
217,INTC,47,13,pos_change,m1,2.454123468118108,100%,0.7833333333333333,INTC,51395.0,25.19%,0.1038961038961039,0.6363636363636364,0.9642857142857143,3.1850649350649354,8.872600230888544
218,CNP,48,12,pos_change,m1,2.0953546026866525,100%,0.8,0,0.0,0,0.14772727272727273,0.3538961038961039,0.3409090909090909,1.8457792207792205,8.381418410746612
219,ROP,53,5,pos_change,m1,2.0424238275724087,100%,0.9137931034482759,0,0.0,0,0.836038961038961,0.3181818181818182,0.3409090909090909,3.8035714285714284,21.649692572267544
220,ROL,54,6,pos_change,m1,2.354325623477957,100%,0.9,0,0.0,0,0.7938311688311688,0.577922077922078,0.3409090909090909,4.4561688311688314,21.18893061130162
221,IBM,49,10,pos_change,m1,1.651409808100797,100%,0.8305084745762712,IBM,38068.0,18.52%,0.27435064935064934,0.045454545454545456,0.9545454545454546,1.9139610389610389,8.091908059693907
222,NTRS,53,7,pos_change,m1,2.1622032720670865,100%,0.8833333333333333,0,0.0,0,0.6883116883116883,0.42857142857142855,0.3409090909090909,3.6915584415584415,16.37096763136508
223,MGM,50,8,pos_change,m1,2.8383743895303417,100%,0.8620689655172413,MGM,8606.0,41.10%,0.48863636363636365,0.8571428571428571,0.8474025974025974,4.884740259740259,17.73983993456463
224,COG,51,9,pos_change,m1,3.065023828499436,100%,0.85,0,0.0,0,0.42694805194805197,0.9253246753246753,0.3409090909090909,4.3977272727272725,17.368468361496802
225,CDNS,45,15,pos_change,m1,2.877545743812846,100%,0.75,0,0.0,0,0.02922077922077922,0.8798701298701299,0.3409090909090909,3.068181818181818,8.632637231438538
226,DXC,51,9,pos_change,m1,2.4168130675935147,100%,0.85,0,0.0,0,0.42694805194805197,0.6168831168831169,0.3409090909090909,3.4724025974025974,13.695274049696582
227,CTAS,45,12,pos_change,m1,2.268240534599201,100%,0.7894736842105263,0,0.0,0,0.12175324675324675,0.5032467532467533,0.3409090909090909,2.215909090909091,8.505902004747004
228,DVN,57,3,pos_change,m1,2.2721760463629885,100%,0.95,DVN,8198.0,47.83%,0.9626623376623377,0.5097402597402597,0.8376623376623377,5.25487012987013,43.17134488089675
229,MHK,48,12,pos_change,m1,2.340295215497324,100%,0.8,0,0.0,0,0.14772727272727273,0.5584415584415584,0.3409090909090909,2.4594155844155843,9.3611808619893
230,CI,51,9,pos_change,m1,2.9958913081550134,100%,0.85,0,0.0,0,0.42694805194805197,0.9058441558441559,0.3409090909090909,4.339285714285714,16.976717412878408
231,C,50,9,pos_change,m1,2.3389690962768115,100%,0.847457627118644,C,40067.0,26.82%,0.375,0.551948051948052,0.961038961038961,3.741883116883117,12.994272757093393
232,PGR,50,9,pos_change,m1,1.871589176505447,100%,0.847457627118644,0,0.0,0,0.375,0.17207792207792208,0.3409090909090909,1.9821428571428572,10.397717647252481
233,LNT,51,9,pos_change,m1,1.9371947517248131,100%,0.85,0,0.0,0,0.42694805194805197,0.21428571428571427,0.3409090909090909,2.2646103896103895,10.977436926440605
234,RHI,48,11,pos_change,m1,2.627001334848188,100%,0.8135593220338984,0,0.0,0,0.18019480519480519,0.7467532467532467,0.3409090909090909,3.1217532467532463,11.463278552064825
235,DOV,52,8,pos_change,m1,2.154450050310084,100%,0.8666666666666667,0,0.0,0,0.573051948051948,0.42207792207792205,0.3409090909090909,3.3262987012987013,14.00392532701555
236,ADSK,48,11,pos_change,m1,3.3045385485231424,100%,0.8135593220338984,ADSK,3005.0,38.59%,0.18019480519480519,0.9545454545454546,0.7337662337662337,4.137987012987013,14.419804575373718
237,GILD,44,16,pos_change,m1,2.854185899622939,100%,0.7333333333333333,GILD,3645.0,26.08%,0.00974025974025974,0.8701298701298701,0.762987012987013,3.4025974025974026,7.849011223963081
238,HAS,52,8,pos_change,m1,2.3561937372634643,100%,0.8666666666666667,0,0.0,0,0.573051948051948,0.5811688311688312,0.3409090909090909,3.803571428571429,15.315259292212524
239,HRL,49,11,pos_change,m1,2.1082022063657857,100%,0.8166666666666667,0,0.0,0,0.21915584415584416,0.36363636363636365,0.3409090909090909,2.0892857142857144,9.391082555629408
240,AES,50,9,pos_change,m1,2.6545090286316286,100%,0.847457627118644,0,0.0,0,0.375,0.762987012987013,0.3409090909090909,3.7548701298701297,14.74727238128682
241,AVB,52,7,pos_change,m1,1.6555346048259425,100%,0.8813559322033898,0,0.0,0,0.6525974025974026,0.05194805194805195,0.3409090909090909,2.4545454545454546,12.298257064421286
242,DD,51,9,pos_change,m1,2.284104394504481,100%,0.85,DD,2311.0,23.53%,0.42694805194805197,0.5162337662337663,0.7175324675324676,3.5470779220779223,12.943258235525391
243,COO,49,11,pos_change,m1,2.547705644373173,100%,0.8166666666666667,0,0.0,0,0.21915584415584416,0.7045454545454546,0.3409090909090909,3.112012987012987,11.348870597662314
244,RTX,49,11,pos_change,m1,1.9302626556944298,100%,0.8166666666666667,RTX,4289.0,21.52%,0.21915584415584416,0.21103896103896103,0.7824675324675324,2.073051948051948,8.59844273900246
245,FISV,47,13,pos_change,m1,2.0192253481141265,100%,0.7833333333333333,FISV,3719.0,21.62%,0.1038961038961039,0.2987012987012987,0.7662337662337663,1.9740259740259742,7.300276258566457
246,ES,51,7,pos_change,m1,1.8981585845236368,100%,0.8793103448275862,0,0.0,0,0.637987012987013,0.18831168831168832,0.3409090909090909,2.8198051948051948,13.829441115815067
247,KMB,51,9,pos_change,m1,1.6710675025149409,100%,0.85,KMB,2271.0,18.29%,0.42694805194805197,0.07142857142857142,0.7142857142857143,2.2094155844155843,9.46938251425133
248,WMB,51,8,pos_change,m1,2.624076344764893,100%,0.864406779661017,0,0.0,0,0.512987012987013,0.7402597402597403,0.3409090909090909,4.100649350649351,16.7284866978762
249,IDXX,50,6,pos_change,m1,2.3194083631816467,100%,0.8928571428571429,0,0.0,0,0.7191558441558441,0.5454545454545454,0.3409090909090909,4.134740259740259,19.32840302651373
250,VTRS,53,2,pos_change,m1,2.5727619980002285,100%,0.9636363636363636,VTRS,5111.0,48.61%,0.9756493506493507,0.7175324675324676,0.801948051948052,5.881493506493507,68.17819294700604
251,EA,44,11,pos_change,m1,3.6222515416277066,100%,0.8,EA,4261.0,30.41%,0.14772727272727273,0.9772727272727273,0.7792207792207793,4.154220779220779,14.48900616651083
252,APD,50,8,pos_change,m1,2.102431404197605,100%,0.8620689655172413,0,0.0,0,0.48863636363636365,0.35714285714285715,0.3409090909090909,2.878246753246753,13.140196276235026
253,TT,50,10,pos_change,m1,2.6076887877762727,100%,0.8333333333333334,0,0.0,0,0.3198051948051948,0.7305194805194806,0.3409090909090909,3.491883116883117,13.038443938881366
254,GE,53,6,pos_change,m1,1.7923445791532842,100%,0.8983050847457628,GE,28252.0,31.27%,0.7548701298701299,0.12337662337662338,0.9448051948051948,3.5795454545454546,15.832377115854017
255,DHI,50,10,pos_change,m1,3.472193779907491,100%,0.8333333333333334,0,0.0,0,0.3198051948051948,0.9675324675324676,0.3409090909090909,4.202922077922078,17.36096889953746
256,SYK,56,4,pos_change,m1,2.1336624399478903,100%,0.9333333333333333,0,0.0,0,0.9285714285714286,0.3961038961038961,0.3409090909090909,4.314935064935065,29.87127415927047
257,SYY,52,8,pos_change,m1,1.7231911661334158,100%,0.8666666666666667,0,0.0,0,0.573051948051948,0.09090909090909091,0.3409090909090909,2.332792207792208,11.200742579867207
258,LRCX,48,12,pos_change,m1,3.7337318992687223,100%,0.8,0,0.0,0,0.14772727272727273,0.9805194805194806,0.3409090909090909,3.725649350649351,14.934927597074893
259,USB,53,6,pos_change,m1,2.0861654129936777,100%,0.8983050847457628,USB,2169.0,23.78%,0.7548701298701299,0.3474025974025974,0.698051948051948,4.004870129870129,18.427794481444163
260,NEM,54,6,pos_change,m1,2.6849753807028467,100%,0.9,NEM,20728.0,29.58%,0.7938311688311688,0.7727272727272727,0.9123376623376623,5.612012987012987,24.164778426325626
261,NVR,54,6,pos_change,m1,2.537706571581452,100%,0.9,0,0.0,0,0.7938311688311688,0.698051948051948,0.3409090909090909,4.816558441558441,22.839359144233075
262,KLAC,49,11,pos_change,m1,3.043035291772183,100%,0.8166666666666667,0,0.0,0,0.21915584415584416,0.922077922077922,0.3409090909090909,3.7646103896103895,13.555339026985177
263,TER,49,10,pos_change,m1,3.302878292517901,100%,0.8305084745762712,0,0.0,0,0.27435064935064934,0.9512987012987013,0.3409090909090909,4.017857142857143,16.184103633337717
264,ZION,57,2,pos_change,m1,2.1527876874120486,100%,0.9661016949152542,0,0.0,0,0.9853896103896104,0.41883116883116883,0.3409090909090909,4.553571428571428,61.35444909124335
265,MCHP,51,7,pos_change,m1,2.9181096553970396,100%,0.8793103448275862,0,0.0,0,0.637987012987013,0.8928571428571429,0.3409090909090909,4.933441558441559,21.260513203606997
266,REGN,47,13,pos_change,m1,4.05671582757602,100%,0.7833333333333333,REGN,2168.0,31.28%,0.1038961038961039,0.9902597402597403,0.6948051948051948,3.9772727272727275,14.666587992005608
267,BIO,58,2,pos_change,m1,2.1494011447389854,100%,0.9666666666666667,0,0.0,0,0.9918831168831169,0.4155844155844156,0.3409090909090909,4.563311688311688,62.33263319743059
268,BSX,52,8,pos_change,m1,2.788122196471993,100%,0.8666666666666667,BSX,3471.0,23.92%,0.573051948051948,0.8214285714285714,0.7532467532467533,4.936688311688311,18.122794277067957
269,MS,47,11,pos_change,m1,3.0171054229152263,100%,0.8103448275862069,MS,26956.0,25.13%,0.16883116883116883,0.9123376623376623,0.9415584415584416,4.185064935064935,12.891268625183235
270,COP,59,1,pos_change,m1,2.1991666834224355,100%,0.9833333333333333,COP,8735.0,36.67%,1.0,0.4512987012987013,0.8538961038961039,5.207792207792208,129.7508343219233
271,PRGO,53,7,pos_change,m1,2.7931339985333006,100%,0.8833333333333333,0,0.0,0,0.6883116883116883,0.8246753246753247,0.3409090909090909,4.87987012987013,21.148014560323556
272,MO,53,7,pos_change,m1,1.9735853916043018,100%,0.8833333333333333,MO,9010.0,20.94%,0.6883116883116883,0.2597402597402597,0.8603896103896104,3.7045454545454546,14.942860822146853
273,PPL,52,8,pos_change,m1,1.7220073157504885,100%,0.8666666666666667,0,0.0,0,0.573051948051948,0.08766233766233766,0.3409090909090909,2.323051948051948,11.193047552378177
274,DIS,48,12,pos_change,m1,2.017302754556704,100%,0.8,DIS,56608.0,29.70%,0.14772727272727273,0.29545454545454547,0.9707792207792207,2.300324675324675,8.069211018226818
275,UHS,51,8,pos_change,m1,2.5795215180275344,100%,0.864406779661017,0,0.0,0,0.512987012987013,0.7207792207792207,0.3409090909090909,4.042207792207792,16.444449677425535
276,WFC,51,7,pos_change,m1,2.032702869006068,100%,0.8793103448275862,WFC,83079.0,29.13%,0.637987012987013,0.3116883116883117,0.987012987012987,3.8360389610389607,14.809692331329922
277,EFX,49,11,pos_change,m1,2.112062326460564,100%,0.8166666666666667,0,0.0,0,0.21915584415584416,0.37012987012987014,0.3409090909090909,2.108766233766234,9.408277636051602
278,NLOK,51,8,pos_change,m1,2.9398842658696935,100%,0.864406779661017,0,0.0,0,0.512987012987013,0.8993506493506493,0.3409090909090909,4.577922077922078,18.7417621949193
279,PAYX,48,10,pos_change,m1,2.102549966857006,100%,0.8275862068965517,0,0.0,0,0.2597402597402597,0.36038961038961037,0.3409090909090909,2.201298701298701,10.092239840913628
280,TXT,46,14,pos_change,m1,2.706503522690218,100%,0.7666666666666667,0,0.0,0,0.06655844155844155,0.7792207792207793,0.3409090909090909,2.8782467532467537,8.89279728883929
281,PNW,49,11,pos_change,m1,1.6870295719190866,100%,0.8166666666666667,0,0.0,0,0.21915584415584416,0.07792207792207792,0.3409090909090909,1.2321428571428572,7.514949911275931
282,BA,54,6,pos_change,m1,2.3121413239558133,100%,0.9,BA,87344.0,32.59%,0.7938311688311688,0.5357142857142857,0.9902597402597403,4.978896103896104,20.809271915602327
283,CAG,54,6,pos_change,m1,1.8051256768812667,100%,0.9,0,0.0,0,0.7938311688311688,0.12987012987012986,0.3409090909090909,3.112012987012987,16.246131091931403
284,EXC,51,9,pos_change,m1,1.9167895377801003,100%,0.85,0,0.0,0,0.42694805194805197,0.2077922077922078,0.3409090909090909,2.2451298701298703,10.8618073807539
285,VLO,52,8,pos_change,m1,3.435866777679423,100%,0.8666666666666667,VLO,4945.0,36.28%,0.573051948051948,0.961038961038961,0.7954545454545454,5.397727272727272,22.333134054916254
286,PG,53,7,pos_change,m1,1.461828675435695,100%,0.8833333333333333,PG,3792.0,15.38%,0.6883116883116883,0.006493506493506494,0.7694805194805194,2.853896103896104,11.068131399727402
287,WBA,47,13,pos_change,m1,2.2884135339301066,100%,0.7833333333333333,WBA,8655.0,25.77%,0.1038961038961039,0.5194805194805194,0.8506493506493507,2.7207792207792205,8.273495084208847
288,UDR,51,6,pos_change,m1,2.081017531735038,100%,0.8947368421052632,0,0.0,0,0.7288961038961039,0.34415584415584416,0.3409090909090909,3.5600649350649354,17.68864901974782
289,SEE,50,10,pos_change,m1,2.3156833341293175,100%,0.8333333333333334,0,0.0,0,0.3198051948051948,0.5422077922077922,0.3409090909090909,2.9269480519480524,11.578416670646591
290,FRT,51,9,pos_change,m1,2.115143357347544,100%,0.85,0,0.0,0,0.42694805194805197,0.37662337662337664,0.3409090909090909,2.7516233766233764,11.985812358302748
291,WST,54,6,pos_change,m1,2.0434134198622846,100%,0.9,0,0.0,0,0.7938311688311688,0.32142857142857145,0.3409090909090909,3.686688311688312,18.390720778760567
292,HAL,52,8,pos_change,m1,3.2318917923594173,100%,0.8666666666666667,HAL,29573.0,45.63%,0.573051948051948,0.9383116883116883,0.948051948051948,5.482142857142858,21.00729665033622
293,KIM,56,3,pos_change,m1,1.819758714761941,100%,0.9491525423728814,0,0.0,0,0.9464285714285714,0.1396103896103896,0.3409090909090909,3.599025974025974,33.96882934222292
294,ESS,53,7,pos_change,m1,1.9717378777538357,100%,0.8833333333333333,0,0.0,0,0.6883116883116883,0.25,0.3409090909090909,3.155844155844156,14.928872502993324
295,WELL,56,4,pos_change,m1,1.7821881100560522,100%,0.9333333333333333,0,0.0,0,0.9285714285714286,0.11688311688311688,0.3409090909090909,3.477272727272727,24.950633540784736
296,MCD,56,4,pos_change,m1,1.775764243906514,100%,0.9333333333333333,MCD,2210.0,16.77%,0.9285714285714286,0.11363636363636363,0.7012987012987013,3.8279220779220777,24.8606994146912
297,NKE,55,5,pos_change,m1,2.273597459181691,100%,0.9166666666666666,NKE,9032.0,23.80%,0.8701298701298701,0.512987012987013,0.8636363636363636,5.012987012987013,25.00957205099859
298,AEP,52,8,pos_change,m1,1.6065809405988232,100%,0.8666666666666667,0,0.0,0,0.573051948051948,0.04220779220779221,0.3409090909090909,2.186688311688312,10.442776113892354
299,TAP,51,9,pos_change,m1,1.9064915370269342,100%,0.85,TAP,5013.0,27.92%,0.42694805194805197,0.19480519480519481,0.7987012987012987,2.6639610389610393,10.803452043152625
300,EIX,50,10,pos_change,m1,2.0382097378212336,100%,0.8333333333333334,0,0.0,0,0.3198051948051948,0.31493506493506496,0.3409090909090909,2.2451298701298703,10.191048689106172
301,PEG,55,5,pos_change,m1,1.6828959104716215,100%,0.9166666666666666,0,0.0,0,0.8701298701298701,0.07467532467532467,0.3409090909090909,3.175324675324675,18.511855015187827
302,BEN,51,9,pos_change,m1,2.4125269755161303,100%,0.85,0,0.0,0,0.42694805194805197,0.6103896103896104,0.3409090909090909,3.4529220779220777,13.670986194591402
303,VRTX,48,12,pos_change,m1,3.541803814342494,100%,0.8,0,0.0,0,0.14772727272727273,0.9707792207792207,0.3409090909090909,3.696428571428571,14.167215257369982
304,ADI,45,15,pos_change,m1,2.689048709725858,100%,0.75,0,0.0,0,0.02922077922077922,0.775974025974026,0.3409090909090909,2.756493506493506,8.067146129177575
305,LEG,49,10,pos_change,m1,2.004399583887964,100%,0.8305084745762712,0,0.0,0,0.27435064935064934,0.2824675324675325,0.3409090909090909,2.0113636363636362,9.821557961051024
306,^HSI,51,9,pos_change,m1,1.5174948560569017,100%,0.85,0,0.0,0,0.42694805194805197,0.00974025974025974,0.3409090909090909,1.650974025974026,8.599137517655775
307,^HSCE,52,8,pos_change,m1,1.9100363143466565,100%,0.8666666666666667,0,0.0,0,0.573051948051948,0.2012987012987013,0.3409090909090909,2.663961038961039,12.415236043253271
